,timepoint,cloudcover,highcloud,midcloud,lowcloud,rh_profile,wind_profile,temp2m,lifted_index,rh2m,msl_pressure,prec_type,prec_amount,snow_depth,wind10m.direction,wind10m.speed,pais
0,3,5,-9999,-9999,-9999,"[{'layer': '950mb', 'rh': -9999}, {'layer': '900mb', 'rh': 9}, {'layer': '850mb', 'rh': 6}, {'layer': '800mb', 'rh': 5}, {'layer': '750mb', 'rh': 3}, {'layer': '700mb', 'rh': 2}, {'layer': '650mb', 'rh': 0}, {'layer': '600mb', 'rh': 0}, {'layer': '550mb', 'rh': 1}, {'layer': '500mb', 'rh': 13}, {'layer': '450mb', 'rh': 16}, {'layer': '400mb', 'rh': 16}, {'layer': '350mb', 'rh': 16}, {'layer': '300mb', 'rh': 13}, {'layer': '250mb', 'rh': -2}, {'layer': '200mb', 'rh': -3}]","[{'layer': '950mb', 'direction': -9999, 'speed': -9999}, {'layer': '900mb', 'direction': 350, 'speed': 5}, {'layer': '850mb', 'direction': 350, 'speed': 5}, {'layer': '800mb', 'direction': 345, 'speed': 5}, {'layer': '750mb', 'direction': 335, 'speed': 5}, {'layer': '700mb', 'direction': 335, 'speed': 6}, {'layer': '650mb', 'direction': 340, 'speed': 5}, {'layer': '600mb', 'direction': 340, 'speed': 5}, {'layer': '550mb', 'direction': 335, 'speed': 5}, {'layer': '500mb', 'direction': 315, 'speed': 4}, {'layer': '450mb', 'direction': 295, 'speed': 5}, {'layer': '400mb', 'direction': 300, 'speed': 5}, {'layer': '350mb', 'direction': 295, 'speed': 5}, {'layer': '300mb', 'direction': 290, 'speed': 5}, {'layer': '250mb', 'direction': 325, 'speed': 6}, {'layer': '200mb', 'direction': 320, 'speed': 8}]",-2,15,12,1032,none,0,-9999,300,3,USA
1,6,6,-9999,-9999,-9999,"[{'layer': '950mb', 'rh': -9999}, {'layer': '900mb', 'rh': 10}, {'layer': '850mb', 'rh': 7}, {'layer': '800mb', 'rh': 6}, {'layer': '750mb', 'rh': 4}, {'layer': '700mb', 'rh': 1}, {'layer': '650mb', 'rh': -1}, {'layer': '600mb', 'rh': 1}, {'layer': '550mb', 'rh': 5}, {'layer': '500mb', 'rh': 10}, {'layer': '450mb', 'rh': 9}, {'layer': '400mb', 'rh': 11}, {'layer': '350mb', 'rh': 12}, {'layer': '300mb', 'rh': 1}, {'layer': '250mb', 'rh': 0}, {'layer': '200mb', 'rh': -3}]","[{'layer': '950mb', 'direction': -9999, 'speed': -9999}, {'layer': '900mb', 'direction': 340, 'speed': 3}, {'layer': '850mb', 'direction': 345, 'speed': 5}, {'layer': '800mb', 'direction': 340, 'speed': 5}, {'layer': '750mb', 'direction': 335, 'speed': 5}, {'layer': '700mb', 'direction': 335, 'speed': 5}, {'layer': '650mb', 'direction': 340, 'speed': 5}, {'layer': '600mb', 'direction': 335, 'speed': 5}, {'layer': '550mb', 'direction': 325, 'speed': 5}, {'layer': '500mb', 'direction': 320, 'speed': 5}, {'layer': '450mb', 'direction': 320, 'speed': 5}, {'layer': '400mb', 'direction': 320, 'speed': 5}, {'layer': '350mb', 'direction': 325, 'speed': 5}, {'layer': '300mb', 'direction': 350, 'speed': 7}, {'layer': '250mb', 'direction': 335, 'speed': 8}, {'layer': '200mb', 'direction': 325, 'speed': 8}]",3,15,7,1031,none,0,1,330,3,USA
2,9,2,-9999,-9999,-9999,"[{'layer': '950mb', 'rh': -9999}, {'layer': '900mb', 'rh': 8}, {'layer': '850mb', 'rh': 11}, {'layer': '800mb', 'rh': 6}, {'layer': '750mb', 'rh': 3}, {'layer': '700mb', 'rh': 1}, {'layer': '650mb', 'rh': -1}, {'layer': '600mb', 'rh': 1}, {'layer': '550mb', 'rh': 2}, {'layer': '500mb', 'rh': -2}, {'layer': '450mb', 'rh': -3}, {'layer': '400mb', 'rh': -3}, {'layer': '350mb', 'rh': 1}, {'layer': '300mb', 'rh': 4}, {'layer': '250mb', 'rh': 2}, {'layer': '200mb', 'rh': -2}]","[{'layer': '950mb', 'direction': -9999, 'speed': -9999}, {'layer': '900mb', 'direction': 315, 'speed': 3}, {'layer': '850mb', 'direction': 315, 'speed': 3}, {'layer': '800mb', 'direction': 325, 'speed': 4}, {'layer': '750mb', 'direction': 325, 'speed': 5}, {'layer': '700mb', 'direction': 325, 'speed': 5}, {'layer': '650mb', 'direction': 330, 'speed': 5}, {'layer': '600mb', 'direction': 325, 'speed': 5}, {'layer': '550mb', 'direction': 330, 'speed': 5}, {'layer': '500mb', 'direction': 335, 'speed': 6}, {'layer': '450mb', 'direction': 335, 'speed': 6}, {'layer': '400mb', 'direction': 325, 'speed': 7}, {'layer': '350mb', 'direction': 330, 'speed': 8}, {'layer': '300mb', 'direction': 335, 'speed': 10}, {'layer': '250mb', 'direction': 345, 'speed': 9}, {'layer': '200mb', 'direction': 320, 'speed': 10}]",5,10,6,1029,none,0,0,305,3,USA
3,12,3,-9999,-9999,-9999,"[{'layer': '950mb', 'rh': -9999}, {'layer': '900mb', 'rh': 9}, {'layer': '850mb', 'rh': 8}, {'layer': '800mb', 'rh': 4}, {'layer': '750mb', 'rh': 1}, {'layer': '700mb', 'rh': -1}, {'layer': '650mb', 'rh': -2}, {'layer': '600mb', 'rh': 1}, {'layer': '550mb', 'rh': -2}, {'layer': '500mb', 'rh': -2}, {'layer': '450mb', 'rh': -2}, {'layer': '400mb', 'rh': 4}, {'layer': '350mb', 'rh': 9}, {'layer': '300mb', 'rh': 16}, {'layer': '250mb', 'rh': 14}, {'layer': '200mb', 'rh': 2}]","[{'layer': '950mb', 'direction': -9999, 'speed': -9999}, {'layer': '900mb', 'direction': 315, 'speed': 3}, {'layer': '850mb', 'direction': 310, 'speed': 3}, {'layer': '800mb', 'direction': 320, 'speed': 4}, {'layer': '750mb', 'direction': 320, 'speed': 5}, {'layer': '700mb', 'direction': 320, 'speed': 5}, {'layer': '650mb', 'direction': 315, 'speed': 5}, {'layer': '600mb', 'direction': 325, 'speed': 5}, {'layer': '550mb', 'direction': 335, 'speed': 6}, {'layer': '500mb', 'direction': 335, 'speed': 7}, {'layer': '450mb', 'direction': 340, 'speed': 9}, {'layer': '400mb', 'direction': 335, 'speed': 10}, {'layer': '350mb', 'direction': 335, 'speed': 12}, {'layer': '300mb', 'direction': 340, 'speed': 13}, {'layer': '250mb', 'direction': 350, 'speed': 12}, {'layer': '200mb', 'direction': 320, 'speed': 13}]",1,15,10,1030,none,0,0,295,2,USA
4,15,4,-9999,-9999,-9999,"[{'layer': '950mb', 'rh': -9999}, {'layer': '900mb', 'rh': 11}, {'layer': '850mb', 'rh': 10}, {'layer': '800mb', 'rh': 8}, {'layer': '750mb', 'rh': 4}, {'layer': '700mb', 'rh': 0}, {'layer': '650mb', 'rh': 0}, {'layer': '600mb', 'rh': -2}, {'layer': '550mb', 'rh': -3}, {'layer': '500mb', 'rh': -1}, {'layer': '450mb', 'rh': 2}, {'layer': '400mb', 'rh': 6}, {'layer': '350mb', 'rh': 0}, {'layer': '300mb', 'rh': 3}, {'layer': '250mb', 'rh': 6}, {'layer': '200mb', 'rh': 5}]","[{'layer': '950mb', 'direction': -9999, 'speed': -9999}, {'layer': '900mb', 'direction': 290, 'speed': 2}, {'layer': '850mb', 'direction': 295, 'speed': 3}, {'layer': '800mb', 'direction': 310, 'speed': 4}, {'layer': '750mb', 'direction': 320, 'speed': 4}, {'layer': '700mb', 'direction': 320, 'speed': 5}, {'layer': '650mb', 'direction': 315, 'speed': 5}, {'layer': '600mb', 'direction': 330, 'speed': 6}, {'layer': '550mb', 'direction': 340, 'speed': 6}, {'layer': '500mb', 'direction': 340, 'speed': 7}, {'layer': '450mb', 'direction': 340, 'speed': 9}, {'layer': '400mb', 'direction': 335, 'speed': 10}, {'layer': '350mb', 'direction': 345, 'speed': 10}, {'layer': '300mb', 'direction': 340, 'speed': 11}, {'layer': '250mb', 'direction': 340, 'speed': 11}, {'layer': '200mb', 'direction': 315, 'speed': 13}]",-1,15,12,1031,none,0,0,275,2,USA
5,18,2,-9999,-9999,-9999,"[{'layer': '950mb', 'rh': -9999}, {'layer': '900mb', 'rh': 12}, {'layer': '850mb', 'rh': 7}, {'layer': '800mb', 'rh': 6}, {'layer': '750mb', 'rh': 5}, {'layer': '700mb', 'rh': 1}, {'layer': '650mb', 'rh': -2}, {'layer': '600mb', 'rh': -4}, {'layer': '550mb', 'rh': -2}, {'layer': '500mb', 'rh': 0}, {'layer': '450mb', 'rh': 7}, {'layer': '400mb', 'rh': 2}, {'layer': '350mb', 'rh': 11}, {'layer': '300mb', 'rh': 3}, {'layer': '250mb', 'rh': 3}, {'layer': '200mb', 'rh': 7}]","[{'layer': '950mb', 'direction': -9999, 'speed': -9999}, {'layer': '900mb', 'direction': 255, 'speed': 2}, {'layer': '850mb', 'direction': 285, 'speed': 3}, {'layer': '800mb', 'direction': 300, 'speed': 4}, {'layer': '750mb', 'direction': 315, 'speed': 4}, {'layer': '700mb', 'direction': 330, 'speed': 5}, {'layer': '650mb', 'direction': 325, 'speed': 5}, {'layer': '600mb', 'direction': 330, 'speed': 6}, {'layer': '550mb', 'direction': 335, 'speed': 7}, {'layer': '500mb', 'direction': 335, 'speed': 7}, {'layer': '450mb', 'direction': 330, 'speed': 8}, {'layer': '400mb', 'direction': 335, 'speed': 9}, {'layer': '350mb', 'direction': 330, 'speed': 10}, {'layer': '300mb', 'direction': 340, 'speed': 9}, {'layer': '250mb', 'direction': 325, 'speed': 10}, {'layer': '200mb', 'direction': 320, 'speed': 11}]",-1,15,13,1031,none,0,1,245,2,USA
6,21,1,-9999,-9999,-9999,"[{'layer': '950mb', 'rh': -9999}, {'layer': '900mb', 'rh': 11}, {'layer': '850mb', 'rh': 6}, {'layer': '800mb', 'rh': 2}, {'layer': '750mb', 'rh': 0}, {'layer': '700mb', 'rh': -3}, {'layer': '650mb', 'rh': -3}, {'layer': '600mb', 'rh': -2}, {'layer': '550mb', 'rh': 2}, {'layer': '500mb', 'rh': 9}, {'layer': '450mb', 'rh': 8}, {'layer': '400mb', 'rh': 4}, {'layer': '350mb', 'rh': 3}, {'layer': '300mb', 'rh': 6}, {'layer': '250mb', 'rh': 5}, {'layer': '200mb', 'rh': 4}]","[{'layer': '950mb', 'direction': -9999, 'speed': -9999}, {'layer': '900mb', 'direction': 255, 'speed': 2}, {'layer': '850mb', 'direction': 290, 'speed': 3}, {'layer': '800mb', 'direction': 305, 'speed': 4}, {'layer': '750mb', 'direction': 315, 'speed': 5}, {'layer': '700mb', 'direction': 315, 'speed': 5}, {'layer': '650mb', 'direction': 315, 'speed': 5}, {'layer': '600mb', 'direction': 325, 'speed': 6}, {'layer': '550mb', 'direction': 330, 'speed': 6}, {'layer': '500mb', 'direction': 330, 'speed': 7}, {'layer': '450mb', 'direction': 330, 'speed': 7}, {'layer': '400mb', 'direction': 330, 'speed': 8}, {'layer': '350mb', 'direction': 330, 'speed': 8}, {'layer': '300mb', 'direction': 330, 'speed': 8}, {'layer': '250mb', 'direction': 320, 'speed': 9}, {'layer': '200mb', 'direction': 330, 'speed': 12}]",-1,15,13,1030,none,0,1,245,2,USA
7,24,1,-9999,-9999,-9999,"[{'layer': '950mb', 'rh': -9999}, {'layer': '900mb', 'rh': 10}, {'layer': '850mb', 'rh': 5}, {'layer': '800mb', 'rh': 1}, {'layer': '750mb', 'rh': 3}, {'layer': '700mb', 'rh': -3}, {'layer': '650mb', 'rh': 3}, {'layer': '600mb', 'rh': 7}, {'layer': '550mb', 'rh': 9}, {'layer': '500mb', 'rh': 6}, {'layer': '450mb', 'rh': 3}, {'layer': '400mb', 'rh': 2}, {'layer': '350mb', 'rh': 8}, {'layer': '300mb', 'rh': 1}, {'layer': '250mb', 'rh': 2}, {'layer': '200mb', 'rh': 4}]","[{'layer': '950mb', 'direction': -9999, 'speed': -9999}, {'layer': '900mb', 'direction': 210, 'speed': 2}, {'layer': '850mb', 'direction': 295, 'speed': 3}, {'layer': '800mb', 'direction': 295, 'speed': 4}, {'layer': '750mb', 'direction': 310, 'speed': 5}, {'layer': '700mb', 'direction': 325, 'speed': 5}, {'layer': '650mb', 'direction': 325, 'speed': 6}, {'layer': '600mb', 'direction': 325, 'speed': 6}, {'layer': '550mb', 'direction': 325, 'speed': 6}, {'layer': '500mb', 'direction': 330, 'speed': 7}, {'layer': '450mb', 'direction': 335, 'speed': 7}, {'layer': '400mb', 'direction': 330, 'speed': 7}, {'layer': '350mb', 'direction': 335, 'speed': 8}, {'layer': '300mb', 'direction': 335, 'speed': 8}, {'layer': '250mb', 'direction': 335, 'speed': 9}, {'layer': '200mb', 'direction': 325, 'speed': 12}]",-2,15,14,1029,none,0,1,185,2,USA
8,27,3,-9999,-9999,-9999,"[{'layer': '950mb', 'rh': -9999}, {'layer': '900mb', 'rh': 8}, {'layer': '850mb', 'rh': 3}, {'layer': '800mb', 'rh': 1}, {'layer': '750mb', 'rh': 1}, {'layer': '700mb', 'rh': 3}, {'layer': '650mb', 'rh': 9}, {'layer': '600mb', 'rh': 8}, {'layer': '550mb', 'rh': 5}, {'layer': '500mb', 'rh': 3}, {'layer': '450mb', 'rh': -1}, {'layer': '400mb', 'rh': 0}, {'layer': '350mb', 'rh': 0}, {'layer': '300mb', 'rh': -1}, {'layer': '250mb', 'rh': 14}, {'layer': '200mb', 'rh': 6}]","[{'layer': '950mb', 'direction': -9999, 'speed': -9999}, {'layer': '900mb', 'direction': 200, 'speed': 3}, {'layer': '850mb', 'direction': 230, 'speed': 3}, {'layer': '800mb', 'direction': 265, 'speed': 4}, {'layer': '750mb', 'direction': 310, 'speed': 4}, {'layer': '700mb', 'direction': 330, 'speed': 5}, {'layer': '650mb', 'direction': 330, 'speed': 5}, {'layer': '600mb', 'direction': 330, 'speed': 6}, {'layer': '550mb', 'direction': 335, 'speed': 6}, {'layer': '500mb', 'direction': 335, 'speed': 6}, {'layer': '450mb', 'direction': 340, 'speed': 7}, {'layer': '400mb', 'direction': 340, 'speed': 7}, {'layer': '350mb', 'direction': 335, 'speed': 8}, {'layer': '300mb', 'direction': 340, 'speed': 8}, {'layer': '250mb', 'direction': 320, 'speed': 10}, {'layer': '200mb', 'direction': 325, 'speed': 12}]",-1,15,13,1029,none,0,1,185,2,USA
9,30,6,-9999,-9999,-9999,"[{'layer': '950mb', 'rh': -9999}, {'layer': '900mb', 'rh': 8}, {'layer': '850mb', 'rh': 2}, {'layer': '800mb', 'rh': 2}, {'layer': '750mb', 'rh': 2}, {'layer': '700mb', 'rh': 7}, {'layer': '650mb', 'rh': 6}, {'layer': '600mb', 'rh': 5}, {'layer': '550mb', 'rh': 2}, {'layer': '500mb', 'rh': -2}, {'layer': '450mb', 'rh': 1}, {'layer': '400mb', 'rh': 1}, {'layer': '350mb', 'rh': 5}, {'layer': '300mb', 'rh': 16}, {'layer': '250mb', 'rh': 12}, {'layer': '200mb', 'rh': 9}]","[{'layer': '950mb', 'direction': -9999, 'speed': -9999}, {'layer': '900mb', 'direction': 195, 'speed': 3}, {'layer': '850mb', 'direction': 230, 'speed': 4}, {'layer': '800mb', 'direction': 265, 'speed': 4}, {'layer': '750mb', 'direction': 310, 'speed': 3}, {'layer': '700mb', 'direction': 335, 'speed': 5}, {'layer': '650mb', 'direction': 330, 'speed': 5}, {'layer': '600mb', 'direction': 330, 'speed': 5}, {'layer': '550mb', 'direction': 330, 'speed': 6}, {'layer': '500mb', 'direction': 335, 'speed': 6}, {'layer': '450mb', 'direction': 345, 'speed': 6}, {'layer': '400mb', 'direction': 335, 'speed': 7}, {'layer': '350mb', 'direction': 325, 'speed': 7}, {'layer': '300mb', 'direction': 320, 'speed': 8}, {'layer': '250mb', 'direction': 320, 'speed': 9}, {'layer': '200mb', 'direction': 325, 'speed': 12}]",6,15,6,1025,none,0,0,200,3,USA
10,33,9,-9999,-9999,-9999,"[{'layer': '950mb', 'rh': -9999}, {'layer': '900mb', 'rh': 4}, {'layer': '850mb', 'rh': 5}, {'layer': '800mb', 'rh': 1}, {'layer': '750mb', 'rh': 5}, {'layer': '700mb', 'rh': 5}, {'layer': '650mb', 'rh': 5}, {'layer': '600mb', 'rh': 3}, {'layer': '550mb', 'rh': 0}, {'layer': '500mb', 'rh': -1}, {'layer': '450mb', 'rh': 0}, {'layer': '400mb', 'rh': 6}, {'layer': '350mb', 'rh': 15}, {'layer': '300mb', 'rh': 6}, {'layer': '250mb', 'rh': 10}, {'layer': '200mb', 'rh': 10}]","[{'layer': '950mb', 'direction': -9999, 'speed': -9999}, {'layer': '900mb', 'direction': 200, 'speed': 3}, {'layer': '850mb', 'direction': 225, 'speed': 3}, {'layer': '800mb', 'direction': 280, 'speed': 4}, {'layer': '750mb', 'direction': 310, 'speed': 4}, {'layer': '700mb', 'direction': 320, 'speed': 4}, {'layer': '650mb', 'direction': 325, 'speed': 5}, {'layer': '600mb', 'direction': 325, 'speed': 5}, {'layer': '550mb', 'direction': 330, 'speed': 5}, {'layer': '500mb', 'direction': 325, 'speed': 6}, {'layer': '450mb', 'direction': 320, 'speed': 6}, {'layer': '400mb', 'direction': 320, 'speed': 6}, {'layer': '350mb', 'direction': 320, 'speed': 7}, {'layer': '300mb', 'direction': 325, 'speed': 7}, {'layer': '250mb', 'direction': 325, 'speed': 11}, {'layer': '200mb', 'direction': 320, 'speed': 12}]",9,15,3,1020,none,0,0,210,3,USA
11,36,7,-9999,-9999,-9999,"[{'layer': '950mb', 'rh': -9999}, {'layer': '900mb', 'rh': 4}, {'layer': '850mb', 'rh': 4}, {'layer': '800mb', 'rh': 2}, {'layer': '750mb', 'rh': 4}, {'layer': '700mb', 'rh': 4}, {'layer': '650mb', 'rh': 3}, {'layer': '600mb', 'rh': 1}, {'layer': '550mb', 'rh': 1}, {'layer': '500mb', 'rh': 1}, {'layer': '450mb', 'rh': 2}, {'layer': '400mb', 'rh': 7}, {'layer': '350mb', 'rh': 7}, {'layer': '300mb', 'rh': 9}, {'layer': '250mb', 'rh': 9}, {'layer': '200mb', 'rh': 11}]","[{'layer': '950mb', 'direction': -9999, 'speed': -9999}, {'layer': '900mb', 'direction': 190, 'speed': 4}, {'layer': '850mb', 'direction': 225, 'speed': 3}, {'layer': '800mb', 'direction': 280, 'speed': 3}, {'layer': '750mb', 'direction': 300, 'speed': 3}, {'layer': '700mb', 'direction': 310, 'speed': 4}, {'layer': '650mb', 'direction': 320, 'speed': 5}, {'layer': '600mb', 'direction': 330, 'speed': 5}, {'layer': '550mb', 'direction': 320, 'speed': 5}, {'layer': '500mb', 'direction': 310, 'speed': 5}, {'layer': '450mb', 'direction': 305, 'speed': 6}, {'layer': '400mb', 'direction': 320, 'speed': 6}, {'layer': '350mb', 'direction': 315, 'speed': 7}, {'layer': '300mb', 'direction': 330, 'speed': 8}, {'layer': '250mb', 'direction': 320, 'speed': 10}, {'layer': '200mb', 'direction': 310, 'speed': 12}]",5,15,6,1020,none,0,0,180,2,USA
12,39,7,-9999,-9999,-9999,"[{'layer': '950mb', 'rh': -9999}, {'layer': '900mb', 'rh': 4}, {'layer': '850mb', 'rh': 2}, {'layer': '800mb', 'rh': 2}, {'layer': '750mb', 'rh': 3}, {'layer': '700mb', 'rh': 3}, {'layer': '650mb', 'rh': 2}, {'layer': '600mb', 'rh': 2}, {'layer': '550mb', 'rh': 1}, {'layer': '500mb', 'rh': 1}, {'layer': '450mb', 'rh': 1}, {'layer': '400mb', 'rh': 3}, {'layer': '350mb', 'rh': 10}, {'layer': '300mb', 'rh': 16}, {'layer': '250mb', 'rh': 16}, {'layer': '200mb', 'rh': 15}]","[{'layer': '950mb', 'direction': -9999, 'speed': -9999}, {'layer': '900mb', 'direction': 195, 'speed': 5}, {'layer': '850mb', 'direction': 225, 'speed': 4}, {'layer': '800mb', 'direction': 275, 'speed': 3}, {'layer': '750mb', 'direction': 305, 'speed': 3}, {'layer': '700mb', 'direction': 310, 'speed': 4}, {'layer': '650mb', 'direction': 305, 'speed': 4}, {'layer': '600mb', 'direction': 300, 'speed': 4}, {'layer': '550mb', 'direction': 290, 'speed': 5}, {'layer': '500mb', 'direction': 295, 'speed': 5}, {'layer': '450mb', 'direction': 310, 'speed': 5}, {'layer': '400mb', 'direction': 315, 'speed': 6}, {'layer': '350mb', 'direction': 310, 'speed': 7}, {'layer': '300mb', 'direction': 310, 'speed': 7}, {'layer': '250mb', 'direction': 310, 'speed': 8}, {'layer': '200mb', 'direction': 300, 'speed': 10}]",3,15,8,1020,none,0,0,185,3,USA
13,42,8,-9999,-9999,-9999,"[{'layer': '950mb', 'rh': -9999}, {'layer': '900mb', 'rh': 3}, {'layer': '850mb', 'rh': 1}, {'layer': '800mb', 'rh': 1}, {'layer': '750mb', 'rh': 2}, {'layer': '700mb', 'rh': 2}, {'layer': '650mb', 'rh': 2}, {'layer': '600mb', 'rh': 2}, {'layer': '550mb', 'rh': 2}, {'layer': '500mb', 'rh': 0}, {'layer': '450mb', 'rh': 0}, {'layer': '400mb', 'rh': 8}, {'layer': '350mb', 'rh': 16}, {'layer': '300mb', 'rh': 16}, {'layer': '250mb', 'rh': 16}, {'layer': '200mb', 'rh': 12}]","[{'layer': '950mb', 'direction': -9999, 'speed': -9999}, {'layer': '900mb', 'direction': 210, 'speed': 5}, {'layer': '850mb', 'direction': 225, 'speed': 4}, {'layer': '800mb', 'direction': 250, 'speed': 3}, {'layer': '750mb', 'direction': 285, 'speed': 3}, {'layer': '700mb', 'direction': 285, 'speed': 3}, {'layer': '650mb', 'direction': 280, 'speed': 3}, {'layer': '600mb', 'direction': 285, 'speed': 4}, {'layer': '550mb', 'direction': 290, 'speed': 5}, {'layer': '500mb', 'direction': 295, 'speed': 5}, {'layer': '450mb', 'direction': 300, 'speed': 6}, {'layer': '400mb', 'direction': 295, 'speed': 6}, {'layer': '350mb', 'direction': 295, 'speed': 7}, {'layer': '300mb', 'direction': 300, 'speed': 7}, {'layer': '250mb', 'direction': 300, 'speed': 8}, {'layer': '200mb', 'direction': 290, 'speed': 9}]",3,15,8,1018,none,0,0,195,3,USA
14,45,9,-9999,-9999,-9999,"[{'layer': '950mb', 'rh': -9999}, {'layer': '900mb', 'rh': 2}, {'layer': '850mb', 'rh': 0}, {'layer': '800mb', 'rh': 1}, {'layer': '750mb', 'rh': 2}, {'layer': '700mb', 'rh': 2}, {'layer': '650mb', 'rh': 2}, {'layer': '600mb', 'rh': 2}, {'layer': '550mb', 'rh': 0}, {'layer': '500mb', 'rh': -3}, {'layer': '450mb', 'rh': -1}, {'layer': '400mb', 'rh': 9}, {'layer': '350mb', 'rh': 14}, {'layer': '300mb', 'rh': 15}, {'layer': '250mb', 'rh': 16}, {'layer': '200mb', 'rh': 15}]","[{'layer': '950mb', 'direction': -9999, 'speed': -9999}, {'layer': '900mb', 'direction': 205, 'speed': 5}, {'layer': '850mb', 'direction': 215, 'speed': 5}, {'layer': '800mb', 'direction': 210, 'speed': 3}, {'layer': '750mb', 'direction': 235, 'speed': 3}, {'layer': '700mb', 'direction': 255, 'speed': 3}, {'layer': '650mb', 'direction': 260, 'speed': 4}, {'layer': '600mb', 'direction': 270, 'speed': 4}, {'layer': '550mb', 'direction': 285, 'speed': 5}, {'layer': '500mb', 'direction': 285, 'speed': 5}, {'layer': '450mb', 'direction': 290, 'speed': 6}, {'layer': '400mb', 'direction': 290, 'speed': 7}, {'layer': '350mb', 'direction': 290, 'speed': 7}, {'layer': '300mb', 'direction': 285, 'speed': 7}, {'layer': '250mb', 'direction': 285, 'speed': 8}, {'layer': '200mb', 'direction': 280, 'speed': 8}]",3,15,8,1015,none,0,0,185,3,USA
15,48,9,-9999,-9999,-9999,"[{'layer': '950mb', 'rh': -9999}, {'layer': '900mb', 'rh': 3}, {'layer': '850mb', 'rh': -1}, {'layer': '800mb', 'rh': 0}, {'layer': '750mb', 'rh': 0}, {'layer': '700mb', 'rh': 0}, {'layer': '650mb', 'rh': 0}, {'layer': '600mb', 'rh': 1}, {'layer': '550mb', 'rh': -2}, {'layer': '500mb', 'rh': -1}, {'layer': '450mb', 'rh': 1}, {'layer': '400mb', 'rh': 4}, {'layer': '350mb', 'rh': 16}, {'layer': '300mb', 'rh': 16}, {'layer': '250mb', 'rh': 16}, {'layer': '200mb', 'rh': 15}]","[{'layer': '950mb', 'direction': -9999, 'speed': -9999}, {'layer': '900mb', 'direction': 195, 'speed': 5}, {'layer': '850mb', 'direction': 205, 'speed': 5}, {'layer': '800mb', 'direction': 200, 'speed': 4}, {'layer': '750mb', 'direction': 210, 'speed': 4}, {'layer': '700mb', 'direction': 225, 'speed': 5}, {'layer': '650mb', 'direction': 240, 'speed': 5}, {'layer': '600mb', 'direction': 265, 'speed': 4}, {'layer': '550mb', 'direction': 275, 'speed': 5}, {'layer': '500mb', 'direction': 280, 'speed': 5}, {'layer': '450mb', 'direction': 285, 'speed': 6}, {'layer': '400mb', 'direction': 275, 'speed': 7}, {'layer': '350mb', 'direction': 275, 'speed': 7}, {'layer': '300mb', 'direction': 270, 'speed': 7}, {'layer': '250mb', 'direction': 270, 'speed': 8}, {'layer': '200mb', 'direction': 270, 'speed': 9}]",2,15,9,1013,none,0,0,175,2,USA
16,51,9,-9999,-9999,-9999,"[{'layer': '950mb', 'rh': -9999}, {'layer': '900mb', 'rh': 3}, {'layer': '850mb', 'rh': -1}, {'layer': '800mb', 'rh': -1}, {'layer': '750mb', 'rh': -1}, {'layer': '700mb', 'rh': -1}, {'layer': '650mb', 'rh': 1}, {'layer': '600mb', 'rh': -1}, {'layer': '550mb', 'rh': -1}, {'layer': '500mb', 'rh': 0}, {'layer': '450mb', 'rh': 0}, {'layer': '400mb', 'rh': 8}, {'layer': '350mb', 'rh': 14}, {'layer': '300mb', 'rh': 16}, {'layer': '250mb', 'rh': 16}, {'layer': '200mb', 'rh': 15}]","[{'layer': '950mb', 'direction': -9999, 'speed': -9999}, {'layer': '900mb', 'direction': 200, 'speed': 5}, {'layer': '850mb', 'direction': 205, 'speed': 5}, {'layer': '800mb', 'direction': 200, 'speed': 5}, {'layer': '750mb', 'direction': 205, 'speed': 5}, {'layer': '700mb', 'direction': 220, 'speed': 5}, {'layer': '650mb', 'direction': 235, 'speed': 4}, {'layer': '600mb', 'direction': 250, 'speed': 4}, {'layer': '550mb', 'direction': 255, 'speed': 4}, {'layer': '500mb', 'direction': 250, 'speed': 5}, {'layer': '450mb', 'direction': 265, 'speed': 6}, {'layer': '400mb', 'direction': 260, 'speed': 7}, {'layer': '350mb', 'direction': 260, 'speed': 7}, {'layer': '300mb', 'direction': 255, 'speed': 7}, {'layer': '250mb', 'direction': 260, 'speed': 8}, {'layer': '200mb', 'direction': 265, 'speed': 10}]",2,15,8,1012,none,0,0,175,3,USA
17,54,9,-9999,-9999,-9999,"[{'layer': '950mb', 'rh': -9999}, {'layer': '900mb', 'rh': 4}, {'layer': '850mb', 'rh': 0}, {'layer': '800mb', 'rh': -2}, {'layer': '750mb', 'rh': -2}, {'layer': '700mb', 'rh': -1}, {'layer': '650mb', 'rh': -1}, {'layer': '600mb', 'rh': -1}, {'layer': '550mb', 'rh': -1}, {'layer': '500mb', 'rh': 1}, {'layer': '450mb', 'rh': 3}, {'layer': '400mb', 'rh': 14}, {'layer': '350mb', 'rh': 16}, {'layer': '300mb', 'rh': 15}, {'layer': '250mb', 'rh': 16}, {'layer': '200mb', 'rh': 15}]","[{'layer': '950mb', 'direction': -9999, 'speed': -9999}, {'layer': '900mb', 'direction': 185, 'speed': 3}, {'layer': '850mb', 'direction': 200, 'speed': 4}, {'layer': '800mb', 'direction': 205, 'speed': 4}, {'layer': '750mb', 'direction': 215, 'speed': 4}, {'layer': '700mb', 'direction': 220, 'speed': 4}, {'layer': '650mb', 'direction': 240, 'speed': 4}, {'layer': '600mb', 'direction': 245, 'speed': 4}, {'layer': '550mb', 'direction': 245, 'speed': 5}, {'layer': '500mb', 'direction': 240, 'speed': 6}, {'layer': '450mb', 'direction': 245, 'speed': 6}, {'layer': '400mb', 'direction': 250, 'speed': 7}, {'layer': '350mb', 'direction': 245, 'speed': 7}, {'layer': '300mb', 'direction': 250, 'speed': 7}, {'layer': '250mb', 'direction': 255, 'speed': 8}, {'layer': '200mb', 'direction': 260, 'speed': 12}]",8,15,3,1008,none,0,0,185,3,USA
18,57,9,-9999,-9999,-9999,"[{'layer': '950mb', 'rh': -9999}, {'layer': '900mb', 'rh': 2}, {'layer': '850mb', 'rh': 2}, {'layer': '800mb', 'rh': -2}, {'layer': '750mb', 'rh': -2}, {'layer': '700mb', 'rh': -1}, {'layer': '650mb', 'rh': 0}, {'layer': '600mb', 'rh': 0}, {'layer': '550mb', 'rh': 1}, {'layer': '500mb', 'rh': 2}, {'layer': '450mb', 'rh': 2}, {'layer': '400mb', 'rh': 7}, {'layer': '350mb', 'rh': 16}, {'layer': '300mb', 'rh': 16}, {'layer': '250mb', 'rh': 16}, {'layer': '200mb', 'rh': 16}]","[{'layer': '950mb', 'direction': -9999, 'speed': -9999}, {'layer': '900mb', 'direction': 180, 'speed': 3}, {'layer': '850mb', 'direction': 200, 'speed': 3}, {'layer': '800mb', 'direction': 245, 'speed': 3}, {'layer': '750mb', 'direction': 260, 'speed': 3}, {'layer': '700mb', 'direction': 260, 'speed': 3}, {'layer': '650mb', 'direction': 245, 'speed': 3}, {'layer': '600mb', 'direction': 245, 'speed': 5}, {'layer': '550mb', 'direction': 245, 'speed': 5}, {'layer': '500mb', 'direction': 245, 'speed': 6}, {'layer': '450mb', 'direction': 245, 'speed': 6}, {'layer': '400mb', 'direction': 245, 'speed': 7}, {'layer': '350mb', 'direction': 245, 'speed': 7}, {'layer': '300mb', 'direction': 245, 'speed': 7}, {'layer': '250mb', 'direction': 245, 'speed': 8}, {'layer': '200mb', 'direction': 250, 'speed': 11}]",11,15,2,1004,none,0,0,170,3,USA
19,60,9,-9999,-9999,-9999,"[{'layer': '950mb', 'rh': -9999}, {'layer': '900mb', 'rh': 2}, {'layer': '850mb', 'rh': 3}, {'layer': '800mb', 'rh': -1}, {'layer': '750mb', 'rh': -1}, {'layer': '700mb', 'rh': 0}, {'layer': '650mb', 'rh': 0}, {'layer': '600mb', 'rh': 0}, {'layer': '550mb', 'rh': 3}, {'layer': '500mb', 'rh': 3}, {'layer': '450mb', 'rh': 1}, {'layer': '400mb', 'rh': 3}, {'layer': '350mb', 'rh': 15}, {'layer': '300mb', 'rh': 16}, {'layer': '250mb', 'rh': 15}, {'layer': '200mb', 'rh': 16}]","[{'layer': '950mb', 'direction': -9999, 'speed': -9999}, {'layer': '900mb', 'direction': 170, 'speed': 3}, {'layer': '850mb', 'direction': 190, 'speed': 4}, {'layer': '800mb', 'direction': 215, 'speed': 2}, {'layer': '750mb', 'direction': 340, 'speed': 2}, {'layer': '700mb', 'direction': 285, 'speed': 2}, {'layer': '650mb', 'direction': 250, 'speed': 3}, {'layer': '600mb', 'direction': 275, 'speed': 4}, {'layer': '550mb', 'direction': 240, 'speed': 5}, {'layer': '500mb', 'direction': 240, 'speed': 6}, {'layer': '450mb', 'direction': 240, 'speed': 6}, {'layer': '400mb', 'direction': 235, 'speed': 7}, {'layer': '350mb', 'direction': 240, 'speed': 7}, {'layer': '300mb', 'direction': 245, 'speed': 7}, {'layer': '250mb', 'direction': 245, 'speed': 8}, {'layer': '200mb', 'direction': 245, 'speed': 10}]",7,15,4,1004,none,0,0,150,2,USA
20,63,9,-9999,-9999,-9999,"[{'layer': '950mb', 'rh': -9999}, {'layer': '900mb', 'rh': 3}, {'layer': '850mb', 'rh': 2}, {'layer': '800mb', 'rh': 0}, {'layer': '750mb', 'rh': -1}, {'layer': '700mb', 'rh': 0}, {'layer': '650mb', 'rh': 0}, {'layer': '600mb', 'rh': 1}, {'layer': '550mb', 'rh': 2}, {'layer': '500mb', 'rh': 2}, {'layer': '450mb', 'rh': 0}, {'layer': '400mb', 'rh': 7}, {'layer': '350mb', 'rh': 16}, {'layer': '300mb', 'rh': 16}, {'layer': '250mb', 'rh': 16}, {'layer': '200mb', 'rh': 16}]","[{'layer': '950mb', 'direction': -9999, 'speed': -9999}, {'layer': '900mb', 'direction': 160, 'speed': 3}, {'layer': '850mb', 'direction': 195, 'speed': 3}, {'layer': '800mb', 'direction': 205, 'speed': 3}, {'layer': '750mb', 'direction': 165, 'speed': 2}, {'layer': '700mb', 'direction': 175, 'speed': 2}, {'layer': '650mb', 'direction': 220, 'speed': 3}, {'layer': '600mb', 'direction': 220, 'speed': 4}, {'layer': '550mb', 'direction': 235, 'speed': 5}, {'layer': '500mb', 'direction': 230, 'speed': 5}, {'layer': '450mb', 'direction': 230, 'speed': 6}, {'layer': '400mb', 'direction': 230, 'speed': 6}, {'layer': '350mb', 'direction': 230, 'speed': 7}, {'layer': '300mb', 'direction': 230, 'speed': 7}, {'layer': '250mb', 'direction': 230, 'speed': 8}, {'layer': '200mb', 'direction': 235, 'speed': 10}]",5,15,5,1004,none,0,0,155,2,USA
21,66,9,-9999,-9999,-9999,"[{'layer': '950mb', 'rh': -9999}, {'layer': '900mb', 'rh': 5}, {'layer': '850mb', 'rh': 2}, {'layer': '800mb', 'rh': 0}, {'layer': '750mb', 'rh': 0}, {'layer': '700mb', 'rh': 0}, {'layer': '650mb', 'rh': 1}, {'layer': '600mb', 'rh': 2}, {'layer': '550mb', 'rh': 4}, {'layer': '500mb', 'rh': 0}, {'layer': '450mb', 'rh': 11}, {'layer': '400mb', 'rh': 16}, {'layer': '350mb', 'rh': 16}, {'layer': '300mb', 'rh': 16}, {'layer': '250mb', 'rh': 16}, {'layer': '200mb', 'rh': 12}]","[{'layer': '950mb', 'direction': -9999, 'speed': -9999}, {'layer': '900mb', 'direction': 165, 'speed': 3}, {'layer': '850mb', 'direction': 185, 'speed': 3}, {'layer': '800mb', 'direction': 205, 'speed': 2}, {'layer': '750mb', 'direction': 200, 'speed': 3}, {'layer': '700mb', 'direction': 205, 'speed': 3}, {'layer': '650mb', 'direction': 220, 'speed': 4}, {'layer': '600mb', 'direction': 210, 'speed': 4}, {'layer': '550mb', 'direction': 210, 'speed': 5}, {'layer': '500mb', 'direction': 215, 'speed': 6}, {'layer': '450mb', 'direction': 215, 'speed': 6}, {'layer': '400mb', 'direction': 210, 'speed': 7}, {'layer': '350mb', 'direction': 215, 'speed': 7}, {'layer': '300mb', 'direction': 215, 'speed': 7}, {'layer': '250mb', 'direction': 215, 'speed': 8}, {'layer': '200mb', 'direction': 230, 'speed': 8}]",4,15,8,1002,none,0,0,145,2,USA
22,69,9,-9999,-9999,-9999,"[{'layer': '950mb', 'rh': -9999}, {'layer': '900mb', 'rh': 7}, {'layer': '850mb', 'rh': 4}, {'layer': '800mb', 'rh': 1}, {'layer': '750mb', 'rh': 2}, {'layer': '700mb', 'rh': 2}, {'layer': '650mb', 'rh': 2}, {'layer': '600mb', 'rh': 4}, {'layer': '550mb', 'rh': 6}, {'layer': '500mb', 'rh': 10}, {'layer': '450mb', 'rh': 16}, {'layer': '400mb', 'rh': 12}, {'layer': '350mb', 'rh': 8}, {'layer': '300mb', 'rh': 10}, {'layer': '250mb', 'rh': 13}, {'layer': '200mb', 'rh': 2}]","[{'layer': '950mb', 'direction': -9999, 'speed': -9999}, {'layer': '900mb', 'direction': 115, 'speed': 2}, {'layer': '850mb', 'direction': 185, 'speed': 2}, {'layer': '800mb', 'direction': 240, 'speed': 2}, {'layer': '750mb', 'direction': 240, 'speed': 3}, {'layer': '700mb', 'direction': 235, 'speed': 4}, {'layer': '650mb', 'direction': 235, 'speed': 4}, {'layer': '600mb', 'direction': 220, 'speed': 5}, {'layer': '550mb', 'direction': 220, 'speed': 5}, {'layer': '500mb', 'direction': 205, 'speed': 6}, {'layer': '450mb', 'direction': 210, 'speed': 6}, {'layer': '400mb', 'direction': 220, 'speed': 7}, {'layer': '350mb', 'direction': 220, 'speed': 7}, {'layer': '300mb', 'direction': 225, 'speed': 7}, {'layer': '250mb', 'direction': 235, 'speed': 8}, {'layer': '200mb', 'direction': 230, 'speed': 7}]",3,15,8,1000,none,0,0,25,2,USA
23,72,7,-9999,-9999,-9999,"[{'layer': '950mb', 'rh': -9999}, {'layer': '900mb', 'rh': 8}, {'layer': '850mb', 'rh': 4}, {'layer': '800mb', 'rh': 1}, {'layer': '750mb', 'rh': 2}, {'layer': '700mb', 'rh': 3}, {'layer': '650mb', 'rh': 4}, {'layer': '600mb', 'rh': 8}, {'layer': '550mb', 'rh': 7}, {'layer': '500mb', 'rh': 6}, {'layer': '450mb', 'rh': 4}, {'layer': '400mb', 'rh': 0}, {'layer': '350mb', 'rh': 1}, {'layer': '300mb', 'rh': 12}, {'layer': '250mb', 'rh': 9}, {'layer': '200mb', 'rh': 3}]","[{'layer': '950mb', 'direction': -9999, 'speed': -9999}, {'layer': '900mb', 'direction': 40, 'speed': 2}, {'layer': '850mb', 'direction': 15, 'speed': 2}, {'layer': '800mb', 'direction': 330, 'speed': 2}, {'layer': '750mb', 'direction': 275, 'speed': 3}, {'layer': '700mb', 'direction': 260, 'speed': 3}, {'layer': '650mb', 'direction': 230, 'speed': 3}, {'layer': '600mb', 'direction': 240, 'speed': 4}, {'layer': '550mb', 'direction': 225, 'speed': 5}, {'layer': '500mb', 'direction': 240, 'speed': 6}, {'layer': '450mb', 'direction': 235, 'speed': 6}, {'layer': '400mb', 'direction': 225, 'speed': 7}, {'layer': '350mb', 'direction': 240, 'speed': 6}, {'layer': '300mb', 'direction': 240, 'speed': 8}, {'layer': '250mb', 'direction': 240, 'speed': 9}, {'layer': '200mb', 'direction': 235, 'speed': 7}]",1,15,10,999,none,0,0,350,2,USA
24,75,2,-9999,-9999,-9999,"[{'layer': '950mb', 'rh': -9999}, {'layer': '900mb', 'rh': 9}, {'layer': '850mb', 'rh': 4}, {'layer': '800mb', 'rh': 2}, {'layer': '750mb', 'rh': 1}, {'layer': '700mb', 'rh': 2}, {'layer': '650mb', 'rh': 4}, {'layer': '600mb', 'rh': 8}, {'layer': '550mb', 'rh': 10}, {'layer': '500mb', 'rh': 4}, {'layer': '450mb', 'rh': 1}, {'layer': '400mb', 'rh': 5}, {'layer': '350mb', 'rh': 11}, {'layer': '300mb', 'rh': 13}, {'layer': '250mb', 'rh': 12}, {'layer': '200mb', 'rh': -1}]","[{'layer': '950mb', 'direction': -9999, 'speed': -9999}, {'layer': '900mb', 'direction': 20, 'speed': 2}, {'layer': '850mb', 'direction': 30, 'speed': 3}, {'layer': '800mb', 'direction': 35, 'speed': 3}, {'layer': '750mb', 'direction': 35, 'speed': 2}, {'layer': '700mb', 'direction': 240, 'speed': 3}, {'layer': '650mb', 'direction': 240, 'speed': 5}, {'layer': '600mb', 'direction': 240, 'speed': 5}, {'layer': '550mb', 'direction': 245, 'speed': 5}, {'layer': '500mb', 'direction': 255, 'speed': 5}, {'layer': '450mb', 'direction': 260, 'speed': 6}, {'layer': '400mb', 'direction': 240, 'speed': 6}, {'layer': '350mb', 'direction': 220, 'speed': 6}, {'layer': '300mb', 'direction': 235, 'speed': 6}, {'layer': '250mb', 'direction': 235, 'speed': 7}, {'layer': '200mb', 'direction': 235, 'speed': 7}]",1,15,10,1000,none,0,0,350,2,USA
25,78,4,-9999,-9999,-9999,"[{'layer': '950mb', 'rh': -9999}, {'layer': '900mb', 'rh': 6}, {'layer': '850mb', 'rh': 2}, {'layer': '800mb', 'rh': 2}, {'layer': '750mb', 'rh': 2}, {'layer': '700mb', 'rh': 3}, {'layer': '650mb', 'rh': 4}, {'layer': '600mb', 'rh': 6}, {'layer': '550mb', 'rh': 2}, {'layer': '500mb', 'rh': 2}, {'layer': '450mb', 'rh': 5}, {'layer': '400mb', 'rh': 12}, {'layer': '350mb', 'rh': 14}, {'layer': '300mb', 'rh': 12}, {'layer': '250mb', 'rh': 7}, {'layer': '200mb', 'rh': -3}]","[{'layer': '950mb', 'direction': -9999, 'speed': -9999}, {'layer': '900mb', 'direction': 15, 'speed': 2}, {'layer': '850mb', 'direction': 25, 'speed': 3}, {'layer': '800mb', 'direction': 30, 'speed': 4}, {'layer': '750mb', 'direction': 45, 'speed': 3}, {'layer': '700mb', 'direction': 230, 'speed': 2}, {'layer': '650mb', 'direction': 265, 'speed': 3}, {'layer': '600mb', 'direction': 255, 'speed': 3}, {'layer': '550mb', 'direction': 240, 'speed': 5}, {'layer': '500mb', 'direction': 235, 'speed': 5}, {'layer': '450mb', 'direction': 240, 'speed': 5}, {'layer': '400mb', 'direction': 235, 'speed': 6}, {'layer': '350mb', 'direction': 235, 'speed': 6}, {'layer': '300mb', 'direction': 235, 'speed': 6}, {'layer': '250mb', 'direction': 230, 'speed': 6}, {'layer': '200mb', 'direction': 245, 'speed': 6}]",8,15,5,997,none,0,0,350,2,USA
26,81,9,-9999,-9999,-9999,"[{'layer': '950mb', 'rh': -9999}, {'layer': '900mb', 'rh': 4}, {'layer': '850mb', 'rh': 6}, {'layer': '800mb', 'rh': 6}, {'layer': '750mb', 'rh': 5}, {'layer': '700mb', 'rh': 3}, {'layer': '650mb', 'rh': 6}, {'layer': '600mb', 'rh': 9}, {'layer': '550mb', 'rh': 7}, {'layer': '500mb', 'rh': 9}, {'layer': '450mb', 'rh': 11}, {'layer': '400mb', 'rh': 7}, {'layer': '350mb', 'rh': 16}, {'layer': '300mb', 'rh': 16}, {'layer': '250mb', 'rh': 8}, {'layer': '200mb', 'rh': -4}]","[{'layer': '950mb', 'direction': -9999, 'speed': -9999}, {'layer': '900mb', 'direction': 65, 'speed': 2}, {'layer': '850mb', 'direction': 55, 'speed': 3}, {'layer': '800mb', 'direction': 40, 'speed': 4}, {'layer': '750mb', 'direction': 50, 'speed': 4}, {'layer': '700mb', 'direction': 5, 'speed': 2}, {'layer': '650mb', 'direction': 335, 'speed': 2}, {'layer': '600mb', 'direction': 245, 'speed': 3}, {'layer': '550mb', 'direction': 250, 'speed': 4}, {'layer': '500mb', 'direction': 240, 'speed': 5}, {'layer': '450mb', 'direction': 245, 'speed': 4}, {'layer': '400mb', 'direction': 245, 'speed': 4}, {'layer': '350mb', 'direction': 220, 'speed': 4}, {'layer': '300mb', 'direction': 225, 'speed': 5}, {'layer': '250mb', 'direction': 220, 'speed': 6}, {'layer': '200mb', 'direction': 245, 'speed': 6}]",10,6,3,995,none,0,0,35,2,USA
27,84,9,-9999,-9999,-9999,"[{'layer': '950mb', 'rh': -9999}, {'layer': '900mb', 'rh': 4}, {'layer': '850mb', 'rh': 5}, {'layer': '800mb', 'rh': 6}, {'layer': '750mb', 'rh': 7}, {'layer': '700mb', 'rh': 4}, {'layer': '650mb', 'rh': 7}, {'layer': '600mb', 'rh': 11}, {'layer': '550mb', 'rh': 12}, {'layer': '500mb', 'rh': 16}, {'layer': '450mb', 'rh': 16}, {'layer': '400mb', 'rh': 16}, {'layer': '350mb', 'rh': 16}, {'layer': '300mb', 'rh': 16}, {'layer': '250mb', 'rh': -1}, {'layer': '200mb', 'rh': -4}]","[{'layer': '950mb', 'direction': -9999, 'speed': -9999}, {'layer': '900mb', 'direction': 90, 'speed': 2}, {'layer': '850mb', 'direction': 50, 'speed': 3}, {'layer': '800mb', 'direction': 45, 'speed': 4}, {'layer': '750mb', 'direction': 50, 'speed': 4}, {'layer': '700mb', 'direction': 40, 'speed': 3}, {'layer': '650mb', 'direction': 5, 'speed': 3}, {'layer': '600mb', 'direction': 290, 'speed': 2}, {'layer': '550mb', 'direction': 280, 'speed': 3}, {'layer': '500mb', 'direction': 265, 'speed': 4}, {'layer': '450mb', 'direction': 240, 'speed': 3}, {'layer': '400mb', 'direction': 225, 'speed': 3}, {'layer': '350mb', 'direction': 210, 'speed': 4}, {'layer': '300mb', 'direction': 215, 'speed': 4}, {'layer': '250mb', 'direction': 220, 'speed': 5}, {'layer': '200mb', 'direction': 250, 'speed': 6}]",7,6,6,996,none,0,0,145,2,USA
28,87,9,-9999,-9999,-9999,"[{'layer': '950mb', 'rh': -9999}, {'layer': '900mb', 'rh': 5}, {'layer': '850mb', 'rh': 5}, {'layer': '800mb', 'rh': 5}, {'layer': '750mb', 'rh': 7}, {'layer': '700mb', 'rh': 10}, {'layer': '650mb', 'rh': 14}, {'layer': '600mb', 'rh': 15}, {'layer': '550mb', 'rh': 15}, {'layer': '500mb', 'rh': 16}, {'layer': '450mb', 'rh': 16}, {'layer': '400mb', 'rh': 16}, {'layer': '350mb', 'rh': 16}, {'layer': '300mb', 'rh': 16}, {'layer': '250mb', 'rh': -3}, {'layer': '200mb', 'rh': -4}]","[{'layer': '950mb', 'direction': -9999, 'speed': -9999}, {'layer': '900mb', 'direction': 15, 'speed': 3}, {'layer': '850mb', 'direction': 20, 'speed': 3}, {'layer': '800mb', 'direction': 40, 'speed': 3}, {'layer': '750mb', 'direction': 50, 'speed': 3}, {'layer': '700mb', 'direction': 55, 'speed': 3}, {'layer': '650mb', 'direction': 35, 'speed': 2}, {'layer': '600mb', 'direction': 330, 'speed': 2}, {'layer': '550mb', 'direction': 340, 'speed': 2}, {'layer': '500mb', 'direction': 320, 'speed': 3}, {'layer': '450mb', 'direction': 255, 'speed': 3}, {'layer': '400mb', 'direction': 245, 'speed': 4}, {'layer': '350mb', 'direction': 250, 'speed': 3}, {'layer': '300mb', 'direction': 160, 'speed': 3}, {'layer': '250mb', 'direction': 230, 'speed': 6}, {'layer': '200mb', 'direction': 260, 'speed': 6}]",6,6,6,998,none,0,0,10,2,USA
29,90,9,-9999,-9999,-9999,"[{'layer': '950mb', 'rh': -9999}, {'layer': '900mb', 'rh': 6}, {'layer': '850mb', 'rh': 5}, {'layer': '800mb', 'rh': 5}, {'layer': '750mb', 'rh': 7}, {'layer': '700mb', 'rh': 11}, {'layer': '650mb', 'rh': 15}, {'layer': '600mb', 'rh': 14}, {'layer': '550mb', 'rh': 15}, {'layer': '500mb', 'rh': 16}, {'layer': '450mb', 'rh': 16}, {'layer': '400mb', 'rh': 16}, {'layer': '350mb', 'rh': 15}, {'layer': '300mb', 'rh': 16}, {'layer': '250mb', 'rh': -4}, {'layer': '200mb', 'rh': -4}]","[{'layer': '950mb', 'direction': -9999, 'speed': -9999}, {'layer': '900mb', 'direction': 335, 'speed': 4}, {'layer': '850mb', 'direction': 355, 'speed': 4}, {'layer': '800mb', 'direction': 20, 'speed': 3}, {'layer': '750mb', 'direction': 45, 'speed': 3}, {'layer': '700mb', 'direction': 65, 'speed': 2}, {'layer': '650mb', 'direction': 20, 'speed': 3}, {'layer': '600mb', 'direction': 345, 'speed': 3}, {'layer': '550mb', 'direction': 315, 'speed': 2}, {'layer': '500mb', 'direction': 285, 'speed': 2}, {'layer': '450mb', 'direction': 295, 'speed': 3}, {'layer': '400mb', 'direction': 285, 'speed': 3}, {'layer': '350mb', 'direction': 220, 'speed': 2}, {'layer': '300mb', 'direction': 185, 'speed': 3}, {'layer': '250mb', 'direction': 255, 'speed': 5}, {'layer': '200mb', 'direction': 255, 'speed': 6}]",5,6,8,999,none,0,0,320,3,USA
30,93,9,-9999,-9999,-9999,"[{'layer': '950mb', 'rh': -9999}, {'layer': '900mb', 'rh': 7}, {'layer': '850mb', 'rh': 5}, {'layer': '800mb', 'rh': 7}, {'layer': '750mb', 'rh': 9}, {'layer': '700mb', 'rh': 12}, {'layer': '650mb', 'rh': 14}, {'layer': '600mb', 'rh': 15}, {'layer': '550mb', 'rh': 14}, {'layer': '500mb', 'rh': 13}, {'layer': '450mb', 'rh': 13}, {'layer': '400mb', 'rh': 12}, {'layer': '350mb', 'rh': 14}, {'layer': '300mb', 'rh': 15}, {'layer': '250mb', 'rh': -3}, {'layer': '200mb', 'rh': -4}]","[{'layer': '950mb', 'direction': -9999, 'speed': -9999}, {'layer': '900mb', 'direction': 330, 'speed': 4}, {'layer': '850mb', 'direction': 320, 'speed': 5}, {'layer': '800mb', 'direction': 320, 'speed': 3}, {'layer': '750mb', 'direction': 325, 'speed': 3}, {'layer': '700mb', 'direction': 325, 'speed': 3}, {'layer': '650mb', 'direction': 320, 'speed': 3}, {'layer': '600mb', 'direction': 315, 'speed': 3}, {'layer': '550mb', 'direction': 300, 'speed': 3}, {'layer': '500mb', 'direction': 270, 'speed': 3}, {'layer': '450mb', 'direction': 285, 'speed': 4}, {'layer': '400mb', 'direction': 280, 'speed': 3}, {'layer': '350mb', 'direction': 290, 'speed': 3}, {'layer': '300mb', 'direction': 295, 'speed': 3}, {'layer': '250mb', 'direction': 275, 'speed': 6}, {'layer': '200mb', 'direction': 270, 'speed': 6}]",4,6,8,1001,none,0,0,315,3,USA
31,96,7,-9999,-9999,-9999,"[{'layer': '950mb', 'rh': -9999}, {'layer': '900mb', 'rh': 11}, {'layer': '850mb', 'rh': 7}, {'layer': '800mb', 'rh': 6}, {'layer': '750mb', 'rh': 8}, {'layer': '700mb', 'rh': 8}, {'layer': '650mb', 'rh': 7}, {'layer': '600mb', 'rh': 7}, {'layer': '550mb', 'rh': 9}, {'layer': '500mb', 'rh': 9}, {'layer': '450mb', 'rh': 7}, {'layer': '400mb', 'rh': 9}, {'layer': '350mb', 'rh': 9}, {'layer': '300mb', 'rh': 4}, {'layer': '250mb', 'rh': -2}, {'layer': '200mb', 'rh': -4}]","[{'layer': '950mb', 'direction': -9999, 'speed': -9999}, {'layer': '900mb', 'direction': 325, 'speed': 4}, {'layer': '850mb', 'direction': 325, 'speed': 5}, {'layer': '800mb', 'direction': 300, 'speed': 5}, {'layer': '750mb', 'direction': 295, 'speed': 5}, {'layer': '700mb', 'direction': 295, 'speed': 5}, {'layer': '650mb', 'direction': 300, 'speed': 5}, {'layer': '600mb', 'direction': 300, 'speed': 4}, {'layer': '550mb', 'direction': 300, 'speed': 4}, {'layer': '500mb', 'direction': 295, 'speed': 5}, {'layer': '450mb', 'direction': 285, 'speed': 5}, {'layer': '400mb', 'direction': 280, 'speed': 4}, {'layer': '350mb', 'direction': 265, 'speed': 4}, {'layer': '300mb', 'direction': 285, 'speed': 6}, {'layer': '250mb', 'direction': 285, 'speed': 7}, {'layer': '200mb', 'direction': 280, 'speed': 7}]",2,10,11,1003,none,0,0,315,3,USA
32,99,1,-9999,-9999,-9999,"[{'layer': '950mb', 'rh': -9999}, {'layer': '900mb', 'rh': 12}, {'layer': '850mb', 'rh': 10}, {'layer': '800mb', 'rh': 7}, {'layer': '750mb', 'rh': 6}, {'layer': '700mb', 'rh': 5}, {'layer': '650mb', 'rh': 5}, {'layer': '600mb', 'rh': 7}, {'layer': '550mb', 'rh': 7}, {'layer': '500mb', 'rh': 8}, {'layer': '450mb', 'rh': 5}, {'layer': '400mb', 'rh': 4}, {'layer': '350mb', 'rh': 1}, {'layer': '300mb', 'rh': -2}, {'layer': '250mb', 'rh': -3}, {'layer': '200mb', 'rh': -4}]","[{'layer': '950mb', 'direction': -9999, 'speed': -9999}, {'layer': '900mb', 'direction': 340, 'speed': 3}, {'layer': '850mb', 'direction': 355, 'speed': 4}, {'layer': '800mb', 'direction': 345, 'speed': 4}, {'layer': '750mb', 'direction': 320, 'speed': 4}, {'layer': '700mb', 'direction': 310, 'speed': 5}, {'layer': '650mb', 'direction': 305, 'speed': 5}, {'layer': '600mb', 'direction': 300, 'speed': 5}, {'layer': '550mb', 'direction': 290, 'speed': 5}, {'layer': '500mb', 'direction': 280, 'speed': 5}, {'layer': '450mb', 'direction': 275, 'speed': 5}, {'layer': '400mb', 'direction': 270, 'speed': 4}, {'layer': '350mb', 'direction': 285, 'speed': 6}, {'layer': '300mb', 'direction': 285, 'speed': 7}, {'layer': '250mb', 'direction': 285, 'speed': 8}, {'layer': '200mb', 'direction': 280, 'speed': 8}]",1,15,12,1007,none,0,0,305,3,USA
33,102,1,-9999,-9999,-9999,"[{'layer': '950mb', 'rh': -9999}, {'layer': '900mb', 'rh': 9}, {'layer': '850mb', 'rh': 9}, {'layer': '800mb', 'rh': 8}, {'layer': '750mb', 'rh': 6}, {'layer': '700mb', 'rh': 5}, {'layer': '650mb', 'rh': 6}, {'layer': '600mb', 'rh': 9}, {'layer': '550mb', 'rh': 9}, {'layer': '500mb', 'rh': 4}, {'layer': '450mb', 'rh': 0}, {'layer': '400mb', 'rh': 6}, {'layer': '350mb', 'rh': 0}, {'layer': '300mb', 'rh': -1}, {'layer': '250mb', 'rh': -2}, {'layer': '200mb', 'rh': -3}]","[{'layer': '950mb', 'direction': -9999, 'speed': -9999}, {'layer': '900mb', 'direction': 335, 'speed': 3}, {'layer': '850mb', 'direction': 350, 'speed': 3}, {'layer': '800mb', 'direction': 350, 'speed': 3}, {'layer': '750mb', 'direction': 335, 'speed': 3}, {'layer': '700mb', 'direction': 320, 'speed': 3}, {'layer': '650mb', 'direction': 290, 'speed': 4}, {'layer': '600mb', 'direction': 270, 'speed': 5}, {'layer': '550mb', 'direction': 270, 'speed': 5}, {'layer': '500mb', 'direction': 270, 'speed': 5}, {'layer': '450mb', 'direction': 275, 'speed': 5}, {'layer': '400mb', 'direction': 275, 'speed': 6}, {'layer': '350mb', 'direction': 285, 'speed': 7}, {'layer': '300mb', 'direction': 290, 'speed': 11}, {'layer': '250mb', 'direction': 285, 'speed': 12}, {'layer': '200mb', 'direction': 280, 'speed': 9}]",7,6,7,1006,none,0,0,330,2,USA
34,105,1,-9999,-9999,-9999,"[{'layer': '950mb', 'rh': -9999}, {'layer': '900mb', 'rh': 6}, {'layer': '850mb', 'rh': 9}, {'layer': '800mb', 'rh': 5}, {'layer': '750mb', 'rh': 5}, {'layer': '700mb', 'rh': 6}, {'layer': '650mb', 'rh': 5}, {'layer': '600mb', 'rh': 5}, {'layer': '550mb', 'rh': 1}, {'layer': '500mb', 'rh': 0}, {'layer': '450mb', 'rh': -1}, {'layer': '400mb', 'rh': 5}, {'layer': '350mb', 'rh': 8}, {'layer': '300mb', 'rh': 5}, {'layer': '250mb', 'rh': 11}, {'layer': '200mb', 'rh': -3}]","[{'layer': '950mb', 'direction': -9999, 'speed': -9999}, {'layer': '900mb', 'direction': 330, 'speed': 2}, {'layer': '850mb', 'direction': 325, 'speed': 3}, {'layer': '800mb', 'direction': 320, 'speed': 3}, {'layer': '750mb', 'direction': 315, 'speed': 3}, {'layer': '700mb', 'direction': 290, 'speed': 3}, {'layer': '650mb', 'direction': 265, 'speed': 4}, {'layer': '600mb', 'direction': 270, 'speed': 5}, {'layer': '550mb', 'direction': 275, 'speed': 5}, {'layer': '500mb', 'direction': 285, 'speed': 6}, {'layer': '450mb', 'direction': 280, 'speed': 7}, {'layer': '400mb', 'direction': 275, 'speed': 7}, {'layer': '350mb', 'direction': 275, 'speed': 8}, {'layer': '300mb', 'direction': 285, 'speed': 13}, {'layer': '250mb', 'direction': 285, 'speed': 13}, {'layer': '200mb', 'direction': 280, 'speed': 9}]",9,10,5,1003,none,0,0,335,2,USA
35,108,2,-9999,-9999,-9999,"[{'layer': '950mb', 'rh': -9999}, {'layer': '900mb', 'rh': 6}, {'layer': '850mb', 'rh': 8}, {'layer': '800mb', 'rh': 6}, {'layer': '750mb', 'rh': 5}, {'layer': '700mb', 'rh': 5}, {'layer': '650mb', 'rh': 5}, {'layer': '600mb', 'rh': 1}, {'layer': '550mb', 'rh': 0}, {'layer': '500mb', 'rh': -1}, {'layer': '450mb', 'rh': 9}, {'layer': '400mb', 'rh': 6}, {'layer': '350mb', 'rh': 9}, {'layer': '300mb', 'rh': 11}, {'layer': '250mb', 'rh': 11}, {'layer': '200mb', 'rh': -1}]","[{'layer': '950mb', 'direction': -9999, 'speed': -9999}, {'layer': '900mb', 'direction': 155, 'speed': 2}, {'layer': '850mb', 'direction': 230, 'speed': 2}, {'layer': '800mb', 'direction': 295, 'speed': 2}, {'layer': '750mb', 'direction': 315, 'speed': 3}, {'layer': '700mb', 'direction': 310, 'speed': 3}, {'layer': '650mb', 'direction': 295, 'speed': 4}, {'layer': '600mb', 'direction': 280, 'speed': 5}, {'layer': '550mb', 'direction': 280, 'speed': 5}, {'layer': '500mb', 'direction': 275, 'speed': 5}, {'layer': '450mb', 'direction': 265, 'speed': 6}, {'layer': '400mb', 'direction': 265, 'speed': 7}, {'layer': '350mb', 'direction': 270, 'speed': 10}, {'layer': '300mb', 'direction': 280, 'speed': 12}, {'layer': '250mb', 'direction': 280, 'speed': 13}, {'layer': '200mb', 'direction': 275, 'speed': 10}]",6,10,7,1005,none,0,0,140,2,USA
36,111,2,-9999,-9999,-9999,"[{'layer': '950mb', 'rh': -9999}, {'layer': '900mb', 'rh': 7}, {'layer': '850mb', 'rh': 7}, {'layer': '800mb', 'rh': 4}, {'layer': '750mb', 'rh': 3}, {'layer': '700mb', 'rh': 3}, {'layer': '650mb', 'rh': 4}, {'layer': '600mb', 'rh': 2}, {'layer': '550mb', 'rh': 6}, {'layer': '500mb', 'rh': 6}, {'layer': '450mb', 'rh': 7}, {'layer': '400mb', 'rh': 8}, {'layer': '350mb', 'rh': 10}, {'layer': '300mb', 'rh': 8}, {'layer': '250mb', 'rh': 13}, {'layer': '200mb', 'rh': 2}]","[{'layer': '950mb', 'direction': -9999, 'speed': -9999}, {'layer': '900mb', 'direction': 155, 'speed': 3}, {'layer': '850mb', 'direction': 195, 'speed': 2}, {'layer': '800mb', 'direction': 210, 'speed': 2}, {'layer': '750mb', 'direction': 260, 'speed': 2}, {'layer': '700mb', 'direction': 250, 'speed': 3}, {'layer': '650mb', 'direction': 270, 'speed': 3}, {'layer': '600mb', 'direction': 270, 'speed': 5}, {'layer': '550mb', 'direction': 270, 'speed': 5}, {'layer': '500mb', 'direction': 265, 'speed': 5}, {'layer': '450mb', 'direction': 260, 'speed': 6}, {'layer': '400mb', 'direction': 275, 'speed': 9}, {'layer': '350mb', 'direction': 265, 'speed': 11}, {'layer': '300mb', 'direction': 275, 'speed': 12}, {'layer': '250mb', 'direction': 270, 'speed': 13}, {'layer': '200mb', 'direction': 275, 'speed': 10}]",3,15,9,1006,none,0,0,150,2,USA
37,114,2,-9999,-9999,-9999,"[{'layer': '950mb', 'rh': -9999}, {'layer': '900mb', 'rh': 8}, {'layer': '850mb', 'rh': 6}, {'layer': '800mb', 'rh': 4}, {'layer': '750mb', 'rh': 2}, {'layer': '700mb', 'rh': 4}, {'layer': '650mb', 'rh': 5}, {'layer': '600mb', 'rh': 4}, {'layer': '550mb', 'rh': 9}, {'layer': '500mb', 'rh': 7}, {'layer': '450mb', 'rh': 7}, {'layer': '400mb', 'rh': 10}, {'layer': '350mb', 'rh': 7}, {'layer': '300mb', 'rh': 9}, {'layer': '250mb', 'rh': 7}, {'layer': '200mb', 'rh': 5}]","[{'layer': '950mb', 'direction': -9999, 'speed': -9999}, {'layer': '900mb', 'direction': 150, 'speed': 3}, {'layer': '850mb', 'direction': 170, 'speed': 3}, {'layer': '800mb', 'direction': 180, 'speed': 3}, {'layer': '750mb', 'direction': 190, 'speed': 3}, {'layer': '700mb', 'direction': 245, 'speed': 3}, {'layer': '650mb', 'direction': 250, 'speed': 4}, {'layer': '600mb', 'direction': 250, 'speed': 5}, {'layer': '550mb', 'direction': 255, 'speed': 5}, {'layer': '500mb', 'direction': 260, 'speed': 6}, {'layer': '450mb', 'direction': 270, 'speed': 8}, {'layer': '400mb', 'direction': 265, 'speed': 10}, {'layer': '350mb', 'direction': 265, 'speed': 11}, {'layer': '300mb', 'direction': 265, 'speed': 12}, {'layer': '250mb', 'direction': 265, 'speed': 13}, {'layer': '200mb', 'direction': 260, 'speed': 11}]",2,15,11,1007,none,0,0,145,2,USA
38,117,2,-9999,-9999,-9999,"[{'layer': '950mb', 'rh': -9999}, {'layer': '900mb', 'rh': 9}, {'layer': '850mb', 'rh': 5}, {'layer': '800mb', 'rh': 3}, {'layer': '750mb', 'rh': 4}, {'layer': '700mb', 'rh': 4}, {'layer': '650mb', 'rh': 6}, {'layer': '600mb', 'rh': 10}, {'layer': '550mb', 'rh': 10}, {'layer': '500mb', 'rh': 0}, {'layer': '450mb', 'rh': 3}, {'layer': '400mb', 'rh': 11}, {'layer': '350mb', 'rh': 4}, {'layer': '300mb', 'rh': 5}, {'layer': '250mb', 'rh': 7}, {'layer': '200mb', 'rh': 11}]","[{'layer': '950mb', 'direction': -9999, 'speed': -9999}, {'layer': '900mb', 'direction': 145, 'speed': 3}, {'layer': '850mb', 'direction': 180, 'speed': 3}, {'layer': '800mb', 'direction': 200, 'speed': 3}, {'layer': '750mb', 'direction': 215, 'speed': 3}, {'layer': '700mb', 'direction': 240, 'speed': 3}, {'layer': '650mb', 'direction': 255, 'speed': 4}, {'layer': '600mb', 'direction': 245, 'speed': 5}, {'layer': '550mb', 'direction': 240, 'speed': 5}, {'layer': '500mb', 'direction': 260, 'speed': 6}, {'layer': '450mb', 'direction': 270, 'speed': 7}, {'layer': '400mb', 'direction': 260, 'speed': 10}, {'layer': '350mb', 'direction': 265, 'speed': 11}, {'layer': '300mb', 'direction': 265, 'speed': 12}, {'layer': '250mb', 'direction': 260, 'speed': 13}, {'layer': '200mb', 'direction': 255, 'speed': 13}]",1,15,13,1007,none,0,0,145,2,USA
39,120,3,-9999,-9999,-9999,"[{'layer': '950mb', 'rh': -9999}, {'layer': '900mb', 'rh': 11}, {'layer': '850mb', 'rh': 7}, {'layer': '800mb', 'rh': 7}, {'layer': '750mb', 'rh': 6}, {'layer': '700mb', 'rh': 5}, {'layer': '650mb', 'rh': 8}, {'layer': '600mb', 'rh': 6}, {'layer': '550mb', 'rh': -1}, {'layer': '500mb', 'rh': -2}, {'layer': '450mb', 'rh': 8}, {'layer': '400mb', 'rh': 12}, {'layer': '350mb', 'rh': 2}, {'layer': '300mb', 'rh': 7}, {'layer': '250mb', 'rh': 16}, {'layer': '200mb', 'rh': 10}]","[{'layer': '950mb', 'direction': -9999, 'speed': -9999}, {'layer': '900mb', 'direction': 155, 'speed': 4}, {'layer': '850mb', 'direction': 170, 'speed': 4}, {'layer': '800mb', 'direction': 185, 'speed': 4}, {'layer': '750mb', 'direction': 200, 'speed': 3}, {'layer': '700mb', 'direction': 230, 'speed': 3}, {'layer': '650mb', 'direction': 240, 'speed': 4}, {'layer': '600mb', 'direction': 245, 'speed': 5}, {'layer': '550mb', 'direction': 255, 'speed': 5}, {'layer': '500mb', 'direction': 270, 'speed': 6}, {'layer': '450mb', 'direction': 265, 'speed': 7}, {'layer': '400mb', 'direction': 260, 'speed': 9}, {'layer': '350mb', 'direction': 260, 'speed': 11}, {'layer': '300mb', 'direction': 255, 'speed': 12}, {'layer': '250mb', 'direction': 250, 'speed': 13}, {'layer': '200mb', 'direction': 255, 'speed': 13}]",0,15,14,1007,none,0,0,145,3,USA
40,123,9,-9999,-9999,-9999,"[{'layer': '950mb', 'rh': -9999}, {'layer': '900mb', 'rh': 12}, {'layer': '850mb', 'rh': 8}, {'layer': '800mb', 'rh': 7}, {'layer': '750mb', 'rh': 5}, {'layer': '700mb', 'rh': 6}, {'layer': '650mb', 'rh': 5}, {'layer': '600mb', 'rh': -1}, {'layer': '550mb', 'rh': 2}, {'layer': '500mb', 'rh': 5}, {'layer': '450mb', 'rh': 14}, {'layer': '400mb', 'rh': 12}, {'layer': '350mb', 'rh': 9}, {'layer': '300mb', 'rh': 13}, {'layer': '250mb', 'rh': 11}, {'layer': '200mb', 'rh': 8}]","[{'layer': '950mb', 'direction': -9999, 'speed': -9999}, {'layer': '900mb', 'direction': 145, 'speed': 4}, {'layer': '850mb', 'direction': 165, 'speed': 5}, {'layer': '800mb', 'direction': 175, 'speed': 5}, {'layer': '750mb', 'direction': 175, 'speed': 4}, {'layer': '700mb', 'direction': 195, 'speed': 3}, {'layer': '650mb', 'direction': 235, 'speed': 4}, {'layer': '600mb', 'direction': 240, 'speed': 5}, {'layer': '550mb', 'direction': 245, 'speed': 5}, {'layer': '500mb', 'direction': 250, 'speed': 5}, {'layer': '450mb', 'direction': 250, 'speed': 7}, {'layer': '400mb', 'direction': 250, 'speed': 8}, {'layer': '350mb', 'direction': 255, 'speed': 10}, {'layer': '300mb', 'direction': 250, 'speed': 12}, {'layer': '250mb', 'direction': 250, 'speed': 13}, {'layer': '200mb', 'direction': 245, 'speed': 13}]",0,15,13,1008,none,0,0,120,2,USA
41,126,9,-9999,-9999,-9999,"[{'layer': '950mb', 'rh': -9999}, {'layer': '900mb', 'rh': 10}, {'layer': '850mb', 'rh': 9}, {'layer': '800mb', 'rh': 8}, {'layer': '750mb', 'rh': 7}, {'layer': '700mb', 'rh': 5}, {'layer': '650mb', 'rh': 5}, {'layer': '600mb', 'rh': 5}, {'layer': '550mb', 'rh': 7}, {'layer': '500mb', 'rh': 11}, {'layer': '450mb', 'rh': 16}, {'layer': '400mb', 'rh': 11}, {'layer': '350mb', 'rh': 8}, {'layer': '300mb', 'rh': 12}, {'layer': '250mb', 'rh': 16}, {'layer': '200mb', 'rh': 10}]","[{'layer': '950mb', 'direction': -9999, 'speed': -9999}, {'layer': '900mb', 'direction': 135, 'speed': 4}, {'layer': '850mb', 'direction': 155, 'speed': 5}, {'layer': '800mb', 'direction': 160, 'speed': 5}, {'layer': '750mb', 'direction': 165, 'speed': 5}, {'layer': '700mb', 'direction': 180, 'speed': 3}, {'layer': '650mb', 'direction': 210, 'speed': 3}, {'layer': '600mb', 'direction': 225, 'speed': 5}, {'layer': '550mb', 'direction': 215, 'speed': 5}, {'layer': '500mb', 'direction': 225, 'speed': 5}, {'layer': '450mb', 'direction': 240, 'speed': 6}, {'layer': '400mb', 'direction': 240, 'speed': 7}, {'layer': '350mb', 'direction': 250, 'speed': 10}, {'layer': '300mb', 'direction': 250, 'speed': 13}, {'layer': '250mb', 'direction': 240, 'speed': 13}, {'layer': '200mb', 'direction': 245, 'speed': 13}]",7,15,8,1005,none,0,0,135,3,USA
42,129,9,-9999,-9999,-9999,"[{'layer': '950mb', 'rh': -9999}, {'layer': '900mb', 'rh': 8}, {'layer': '850mb', 'rh': 11}, {'layer': '800mb', 'rh': 10}, {'layer': '750mb', 'rh': 10}, {'layer': '700mb', 'rh': 6}, {'layer': '650mb', 'rh': 7}, {'layer': '600mb', 'rh': 7}, {'layer': '550mb', 'rh': 9}, {'layer': '500mb', 'rh': 14}, {'layer': '450mb', 'rh': 9}, {'layer': '400mb', 'rh': 5}, {'layer': '350mb', 'rh': 7}, {'layer': '300mb', 'rh': 15}, {'layer': '250mb', 'rh': 16}, {'layer': '200mb', 'rh': 13}]","[{'layer': '950mb', 'direction': -9999, 'speed': -9999}, {'layer': '900mb', 'direction': 130, 'speed': 4}, {'layer': '850mb', 'direction': 135, 'speed': 4}, {'layer': '800mb', 'direction': 155, 'speed': 5}, {'layer': '750mb', 'direction': 160, 'speed': 5}, {'layer': '700mb', 'direction': 175, 'speed': 4}, {'layer': '650mb', 'direction': 185, 'speed': 3}, {'layer': '600mb', 'direction': 205, 'speed': 4}, {'layer': '550mb', 'direction': 220, 'speed': 5}, {'layer': '500mb', 'direction': 225, 'speed': 6}, {'layer': '450mb', 'direction': 235, 'speed': 6}, {'layer': '400mb', 'direction': 245, 'speed': 8}, {'layer': '350mb', 'direction': 245, 'speed': 11}, {'layer': '300mb', 'direction': 240, 'speed': 13}, {'layer': '250mb', 'direction': 235, 'speed': 13}, {'layer': '200mb', 'direction': 240, 'speed': 13}]",9,10,6,1002,none,0,0,130,3,USA
43,132,9,-9999,-9999,-9999,"[{'layer': '950mb', 'rh': -9999}, {'layer': '900mb', 'rh': 9}, {'layer': '850mb', 'rh': 12}, {'layer': '800mb', 'rh': 14}, {'layer': '750mb', 'rh': 9}, {'layer': '700mb', 'rh': 6}, {'layer': '650mb', 'rh': 6}, {'layer': '600mb', 'rh': 7}, {'layer': '550mb', 'rh': 11}, {'layer': '500mb', 'rh': 11}, {'layer': '450mb', 'rh': 13}, {'layer': '400mb', 'rh': 15}, {'layer': '350mb', 'rh': 7}, {'layer': '300mb', 'rh': 16}, {'layer': '250mb', 'rh': 16}, {'layer': '200mb', 'rh': 8}]","[{'layer': '950mb', 'direction': -9999, 'speed': -9999}, {'layer': '900mb', 'direction': 115, 'speed': 4}, {'layer': '850mb', 'direction': 140, 'speed': 5}, {'layer': '800mb', 'direction': 165, 'speed': 5}, {'layer': '750mb', 'direction': 170, 'speed': 4}, {'layer': '700mb', 'direction': 175, 'speed': 4}, {'layer': '650mb', 'direction': 195, 'speed': 3}, {'layer': '600mb', 'direction': 215, 'speed': 4}, {'layer': '550mb', 'direction': 225, 'speed': 5}, {'layer': '500mb', 'direction': 230, 'speed': 5}, {'layer': '450mb', 'direction': 225, 'speed': 6}, {'layer': '400mb', 'direction': 230, 'speed': 7}, {'layer': '350mb', 'direction': 240, 'speed': 10}, {'layer': '300mb', 'direction': 235, 'speed': 12}, {'layer': '250mb', 'direction': 230, 'speed': 13}, {'layer': '200mb', 'direction': 235, 'speed': 13}]",6,15,9,1003,none,0,0,105,3,USA
44,135,9,-9999,-9999,-9999,"[{'layer': '950mb', 'rh': -9999}, {'layer': '900mb', 'rh': 11}, {'layer': '850mb', 'rh': 11}, {'layer': '800mb', 'rh': 12}, {'layer': '750mb', 'rh': 13}, {'layer': '700mb', 'rh': 14}, {'layer': '650mb', 'rh': 6}, {'layer': '600mb', 'rh': 11}, {'layer': '550mb', 'rh': 15}, {'layer': '500mb', 'rh': 15}, {'layer': '450mb', 'rh': 16}, {'layer': '400mb', 'rh': 16}, {'layer': '350mb', 'rh': 10}, {'layer': '300mb', 'rh': 16}, {'layer': '250mb', 'rh': 16}, {'layer': '200mb', 'rh': 0}]","[{'layer': '950mb', 'direction': -9999, 'speed': -9999}, {'layer': '900mb', 'direction': 110, 'speed': 5}, {'layer': '850mb', 'direction': 145, 'speed': 5}, {'layer': '800mb', 'direction': 170, 'speed': 5}, {'layer': '750mb', 'direction': 205, 'speed': 6}, {'layer': '700mb', 'direction': 210, 'speed': 5}, {'layer': '650mb', 'direction': 210, 'speed': 4}, {'layer': '600mb', 'direction': 210, 'speed': 4}, {'layer': '550mb', 'direction': 215, 'speed': 5}, {'layer': '500mb', 'direction': 225, 'speed': 5}, {'layer': '450mb', 'direction': 210, 'speed': 6}, {'layer': '400mb', 'direction': 230, 'speed': 6}, {'layer': '350mb', 'direction': 235, 'speed': 10}, {'layer': '300mb', 'direction': 230, 'speed': 12}, {'layer': '250mb', 'direction': 230, 'speed': 13}, {'layer': '200mb', 'direction': 230, 'speed': 12}]",4,15,11,1003,none,0,0,105,3,USA
45,138,9,-9999,-9999,-9999,"[{'layer': '950mb', 'rh': -9999}, {'layer': '900mb', 'rh': 12}, {'layer': '850mb', 'rh': 14}, {'layer': '800mb', 'rh': 10}, {'layer': '750mb', 'rh': 13}, {'layer': '700mb', 'rh': 15}, {'layer': '650mb', 'rh': 13}, {'layer': '600mb', 'rh': 14}, {'layer': '550mb', 'rh': 15}, {'layer': '500mb', 'rh': 16}, {'layer': '450mb', 'rh': 10}, {'layer': '400mb', 'rh': 16}, {'layer': '350mb', 'rh': 16}, {'layer': '300mb', 'rh': 14}, {'layer': '250mb', 'rh': 8}, {'layer': '200mb', 'rh': -2}]","[{'layer': '950mb', 'direction': -9999, 'speed': -9999}, {'layer': '900mb', 'direction': 105, 'speed': 4}, {'layer': '850mb', 'direction': 155, 'speed': 5}, {'layer': '800mb', 'direction': 180, 'speed': 6}, {'layer': '750mb', 'direction': 200, 'speed': 6}, {'layer': '700mb', 'direction': 205, 'speed': 6}, {'layer': '650mb', 'direction': 215, 'speed': 6}, {'layer': '600mb', 'direction': 210, 'speed': 5}, {'layer': '550mb', 'direction': 205, 'speed': 6}, {'layer': '500mb', 'direction': 215, 'speed': 6}, {'layer': '450mb', 'direction': 220, 'speed': 6}, {'layer': '400mb', 'direction': 215, 'speed': 6}, {'layer': '350mb', 'direction': 225, 'speed': 7}, {'layer': '300mb', 'direction': 225, 'speed': 11}, {'layer': '250mb', 'direction': 220, 'speed': 13}, {'layer': '200mb', 'direction': 225, 'speed': 12}]",3,15,11,1002,none,1,0,90,3,USA
46,141,9,-9999,-9999,-9999,"[{'layer': '950mb', 'rh': -9999}, {'layer': '900mb', 'rh': 15}, {'layer': '850mb', 'rh': 13}, {'layer': '800mb', 'rh': 7}, {'layer': '750mb', 'rh': 7}, {'layer': '700mb', 'rh': 8}, {'layer': '650mb', 'rh': 10}, {'layer': '600mb', 'rh': 14}, {'layer': '550mb', 'rh': 14}, {'layer': '500mb', 'rh': 13}, {'layer': '450mb', 'rh': 7}, {'layer': '400mb', 'rh': 14}, {'layer': '350mb', 'rh': 16}, {'layer': '300mb', 'rh': 16}, {'layer': '250mb', 'rh': 0}, {'layer': '200mb', 'rh': -2}]","[{'layer': '950mb', 'direction': -9999, 'speed': -9999}, {'layer': '900mb', 'direction': 85, 'speed': 4}, {'layer': '850mb', 'direction': 150, 'speed': 5}, {'layer': '800mb', 'direction': 180, 'speed': 5}, {'layer': '750mb', 'direction': 190, 'speed': 6}, {'layer': '700mb', 'direction': 200, 'speed': 6}, {'layer': '650mb', 'direction': 205, 'speed': 6}, {'layer': '600mb', 'direction': 215, 'speed': 7}, {'layer': '550mb', 'direction': 215, 'speed': 7}, {'layer': '500mb', 'direction': 215, 'speed': 6}, {'layer': '450mb', 'direction': 225, 'speed': 6}, {'layer': '400mb', 'direction': 225, 'speed': 9}, {'layer': '350mb', 'direction': 210, 'speed': 9}, {'layer': '300mb', 'direction': 220, 'speed': 10}, {'layer': '250mb', 'direction': 225, 'speed': 10}, {'layer': '200mb', 'direction': 210, 'speed': 12}]",2,15,14,999,none,1,0,85,3,USA
47,144,9,-9999,-9999,-9999,"[{'layer': '950mb', 'rh': -9999}, {'layer': '900mb', 'rh': 15}, {'layer': '850mb', 'rh': 15}, {'layer': '800mb', 'rh': 10}, {'layer': '750mb', 'rh': 13}, {'layer': '700mb', 'rh': 15}, {'layer': '650mb', 'rh': 14}, {'layer': '600mb', 'rh': 14}, {'layer': '550mb', 'rh': 15}, {'layer': '500mb', 'rh': 15}, {'layer': '450mb', 'rh': 16}, {'layer': '400mb', 'rh': 16}, {'layer': '350mb', 'rh': 16}, {'layer': '300mb', 'rh': 16}, {'layer': '250mb', 'rh': 15}, {'layer': '200mb', 'rh': -2}]","[{'layer': '950mb', 'direction': -9999, 'speed': -9999}, {'layer': '900mb', 'direction': 80, 'speed': 3}, {'layer': '850mb', 'direction': 150, 'speed': 5}, {'layer': '800mb', 'direction': 175, 'speed': 5}, {'layer': '750mb', 'direction': 175, 'speed': 5}, {'layer': '700mb', 'direction': 170, 'speed': 5}, {'layer': '650mb', 'direction': 170, 'speed': 5}, {'layer': '600mb', 'direction': 180, 'speed': 5}, {'layer': '550mb', 'direction': 180, 'speed': 6}, {'layer': '500mb', 'direction': 190, 'speed': 7}, {'layer': '450mb', 'direction': 205, 'speed': 7}, {'layer': '400mb', 'direction': 205, 'speed': 8}, {'layer': '350mb', 'direction': 185, 'speed': 9}, {'layer': '300mb', 'direction': 180, 'speed': 9}, {'layer': '250mb', 'direction': 200, 'speed': 10}, {'layer': '200mb', 'direction': 210, 'speed': 12}]",2,15,15,998,rain,1,0,75,3,USA
48,147,9,-9999,-9999,-9999,"[{'layer': '950mb', 'rh': -9999}, {'layer': '900mb', 'rh': 15}, {'layer': '850mb', 'rh': 16}, {'layer': '800mb', 'rh': 16}, {'layer': '750mb', 'rh': 16}, {'layer': '700mb', 'rh': 15}, {'layer': '650mb', 'rh': 8}, {'layer': '600mb', 'rh': 10}, {'layer': '550mb', 'rh': 11}, {'layer': '500mb', 'rh': 9}, {'layer': '450mb', 'rh': 3}, {'layer': '400mb', 'rh': 1}, {'layer': '350mb', 'rh': 0}, {'layer': '300mb', 'rh': -1}, {'layer': '250mb', 'rh': 0}, {'layer': '200mb', 'rh': -3}]","[{'layer': '950mb', 'direction': -9999, 'speed': -9999}, {'layer': '900mb', 'direction': 75, 'speed': 4}, {'layer': '850mb', 'direction': 125, 'speed': 5}, {'layer': '800mb', 'direction': 150, 'speed': 5}, {'layer': '750mb', 'direction': 150, 'speed': 5}, {'layer': '700mb', 'direction': 165, 'speed': 5}, {'layer': '650mb', 'direction': 175, 'speed': 5}, {'layer': '600mb', 'direction': 180, 'speed': 5}, {'layer': '550mb', 'direction': 185, 'speed': 7}, {'layer': '500mb', 'direction': 185, 'speed': 8}, {'layer': '450mb', 'direction': 175, 'speed': 10}, {'layer': '400mb', 'direction': 170, 'speed': 11}, {'layer': '350mb', 'direction': 160, 'speed': 11}, {'layer': '300mb', 'direction': 170, 'speed': 10}, {'layer': '250mb', 'direction': 190, 'speed': 10}, {'layer': '200mb', 'direction': 200, 'speed': 10}]",2,10,15,993,rain,3,0,75,3,USA
49,150,9,-9999,-9999,-9999,"[{'layer': '950mb', 'rh': -9999}, {'layer': '900mb', 'rh': 15}, {'layer': '850mb', 'rh': 16}, {'layer': '800mb', 'rh': 16}, {'layer': '750mb', 'rh': 15}, {'layer': '700mb', 'rh': 15}, {'layer': '650mb', 'rh': 15}, {'layer': '600mb', 'rh': 15}, {'layer': '550mb', 'rh': 15}, {'layer': '500mb', 'rh': 16}, {'layer': '450mb', 'rh': 16}, {'layer': '400mb', 'rh': 16}, {'layer': '350mb', 'rh': -3}, {'layer': '300mb', 'rh': -4}, {'layer': '250mb', 'rh': -3}, {'layer': '200mb', 'rh': -4}]","[{'layer': '950mb', 'direction': -9999, 'speed': -9999}, {'layer': '900mb', 'direction': 100, 'speed': 3}, {'layer': '850mb', 'direction': 120, 'speed': 5}, {'layer': '800mb', 'direction': 165, 'speed': 5}, {'layer': '750mb', 'direction': 180, 'speed': 5}, {'layer': '700mb', 'direction': 185, 'speed': 5}, {'layer': '650mb', 'direction': 175, 'speed': 5}, {'layer': '600mb', 'direction': 155, 'speed': 5}, {'layer': '550mb', 'direction': 145, 'speed': 5}, {'layer': '500mb', 'direction': 145, 'speed': 5}, {'layer': '450mb', 'direction': 150, 'speed': 5}, {'layer': '400mb', 'direction': 160, 'speed': 5}, {'layer': '350mb', 'direction': 150, 'speed': 7}, {'layer': '300mb', 'direction': 165, 'speed': 6}, {'layer': '250mb', 'direction': 185, 'speed': 7}, {'layer': '200mb', 'direction': 200, 'speed': 7}]",3,6,15,987,rain,3,0,85,3,USA
50,153,9,-9999,-9999,-9999,"[{'layer': '950mb', 'rh': -9999}, {'layer': '900mb', 'rh': -9999}, {'layer': '850mb', 'rh': 12}, {'layer': '800mb', 'rh': 14}, {'layer': '750mb', 'rh': 15}, {'layer': '700mb', 'rh': 15}, {'layer': '650mb', 'rh': 9}, {'layer': '600mb', 'rh': 9}, {'layer': '550mb', 'rh': 10}, {'layer': '500mb', 'rh': 15}, {'layer': '450mb', 'rh': 16}, {'layer': '400mb', 'rh': 15}, {'layer': '350mb', 'rh': 9}, {'layer': '300mb', 'rh': -4}, {'layer': '250mb', 'rh': -4}, {'layer': '200mb', 'rh': -4}]","[{'layer': '950mb', 'direction': -9999, 'speed': -9999}, {'layer': '900mb', 'direction': -9999, 'speed': -9999}, {'layer': '850mb', 'direction': 200, 'speed': 3}, {'layer': '800mb', 'direction': 195, 'speed': 4}, {'layer': '750mb', 'direction': 200, 'speed': 4}, {'layer': '700mb', 'direction': 220, 'speed': 4}, {'layer': '650mb', 'direction': 230, 'speed': 3}, {'layer': '600mb', 'direction': 230, 'speed': 4}, {'layer': '550mb', 'direction': 220, 'speed': 4}, {'layer': '500mb', 'direction': 210, 'speed': 3}, {'layer': '450mb', 'direction': 85, 'speed': 3}, {'layer': '400mb', 'direction': 20, 'speed': 5}, {'layer': '350mb', 'direction': 10, 'speed': 4}, {'layer': '300mb', 'direction': 200, 'speed': 5}, {'layer': '250mb', 'direction': 210, 'speed': 6}, {'layer': '200mb', 'direction': 220, 'speed': 7}]",4,2,12,984,rain,3,0,325,3,USA
51,156,9,-9999,-9999,-9999,"[{'layer': '950mb', 'rh': -9999}, {'layer': '900mb', 'rh': 14}, {'layer': '850mb', 'rh': 15}, {'layer': '800mb', 'rh': 15}, {'layer': '750mb', 'rh': 15}, {'layer': '700mb', 'rh': 15}, {'layer': '650mb', 'rh': 15}, {'layer': '600mb', 'rh': 11}, {'layer': '550mb', 'rh': 14}, {'layer': '500mb', 'rh': 16}, {'layer': '450mb', 'rh': 16}, {'layer': '400mb', 'rh': 16}, {'layer': '350mb', 'rh': 16}, {'layer': '300mb', 'rh': -2}, {'layer': '250mb', 'rh': -4}, {'layer': '200mb', 'rh': -4}]","[{'layer': '950mb', 'direction': -9999, 'speed': -9999}, {'layer': '900mb', 'direction': 315, 'speed': 5}, {'layer': '850mb', 'direction': 325, 'speed': 6}, {'layer': '800mb', 'direction': 320, 'speed': 5}, {'layer': '750mb', 'direction': 300, 'speed': 4}, {'layer': '700mb', 'direction': 265, 'speed': 3}, {'layer': '650mb', 'direction': 260, 'speed': 4}, {'layer': '600mb', 'direction': 265, 'speed': 5}, {'layer': '550mb', 'direction': 255, 'speed': 5}, {'layer': '500mb', 'direction': 265, 'speed': 5}, {'layer': '450mb', 'direction': 255, 'speed': 4}, {'layer': '400mb', 'direction': 295, 'speed': 3}, {'layer': '350mb', 'direction': 5, 'speed': 5}, {'layer': '300mb', 'direction': 250, 'speed': 3}, {'layer': '250mb', 'direction': 230, 'speed': 5}, {'layer': '200mb', 'direction': 230, 'speed': 7}]",-4,15,14,992,snow,3,-9999,320,5,USA
52,159,9,-9999,-9999,-9999,"[{'layer': '950mb', 'rh': -9999}, {'layer': '900mb', 'rh': 12}, {'layer': '850mb', 'rh': 15}, {'layer': '800mb', 'rh': 15}, {'layer': '750mb', 'rh': 15}, {'layer': '700mb', 'rh': 14}, {'layer': '650mb', 'rh': 15}, {'layer': '600mb', 'rh': 15}, {'layer': '550mb', 'rh': 13}, {'layer': '500mb', 'rh': 10}, {'layer': '450mb', 'rh': 12}, {'layer': '400mb', 'rh': 14}, {'layer': '350mb', 'rh': 16}, {'layer': '300mb', 'rh': 2}, {'layer': '250mb', 'rh': -4}, {'layer': '200mb', 'rh': -4}]","[{'layer': '950mb', 'direction': -9999, 'speed': -9999}, {'layer': '900mb', 'direction': 310, 'speed': 5}, {'layer': '850mb', 'direction': 315, 'speed': 6}, {'layer': '800mb', 'direction': 325, 'speed': 6}, {'layer': '750mb', 'direction': 315, 'speed': 5}, {'layer': '700mb', 'direction': 320, 'speed': 5}, {'layer': '650mb', 'direction': 295, 'speed': 4}, {'layer': '600mb', 'direction': 275, 'speed': 4}, {'layer': '550mb', 'direction': 275, 'speed': 5}, {'layer': '500mb', 'direction': 280, 'speed': 5}, {'layer': '450mb', 'direction': 280, 'speed': 5}, {'layer': '400mb', 'direction': 310, 'speed': 4}, {'layer': '350mb', 'direction': 305, 'speed': 4}, {'layer': '300mb', 'direction': 295, 'speed': 4}, {'layer': '250mb', 'direction': 240, 'speed': 5}, {'layer': '200mb', 'direction': 235, 'speed': 6}]",-5,15,12,996,snow,3,-9999,310,5,USA
53,162,9,-9999,-9999,-9999,"[{'layer': '950mb', 'rh': -9999}, {'layer': '900mb', 'rh': 13}, {'layer': '850mb', 'rh': 15}, {'layer': '800mb', 'rh': 15}, {'layer': '750mb', 'rh': 15}, {'layer': '700mb', 'rh': 15}, {'layer': '650mb', 'rh': 15}, {'layer': '600mb', 'rh': 14}, {'layer': '550mb', 'rh': 14}, {'layer': '500mb', 'rh': 13}, {'layer': '450mb', 'rh': 9}, {'layer': '400mb', 'rh': 9}, {'layer': '350mb', 'rh': 13}, {'layer': '300mb', 'rh': 11}, {'layer': '250mb', 'rh': -4}, {'layer': '200mb', 'rh': -4}]","[{'layer': '950mb', 'direction': -9999, 'speed': -9999}, {'layer': '900mb', 'direction': 310, 'speed': 5}, {'layer': '850mb', 'direction': 310, 'speed': 6}, {'layer': '800mb', 'direction': 325, 'speed': 6}, {'layer': '750mb', 'direction': 320, 'speed': 6}, {'layer': '700mb', 'direction': 320, 'speed': 6}, {'layer': '650mb', 'direction': 330, 'speed': 5}, {'layer': '600mb', 'direction': 330, 'speed': 5}, {'layer': '550mb', 'direction': 335, 'speed': 5}, {'layer': '500mb', 'direction': 330, 'speed': 5}, {'layer': '450mb', 'direction': 310, 'speed': 6}, {'layer': '400mb', 'direction': 310, 'speed': 5}, {'layer': '350mb', 'direction': 310, 'speed': 6}, {'layer': '300mb', 'direction': 300, 'speed': 5}, {'layer': '250mb', 'direction': 255, 'speed': 6}, {'layer': '200mb', 'direction': 240, 'speed': 6}]",-6,15,12,999,snow,3,3,310,5,USA
54,165,9,-9999,-9999,-9999,"[{'layer': '950mb', 'rh': -9999}, {'layer': '900mb', 'rh': 10}, {'layer': '850mb', 'rh': 14}, {'layer': '800mb', 'rh': 13}, {'layer': '750mb', 'rh': 14}, {'layer': '700mb', 'rh': 14}, {'layer': '650mb', 'rh': 14}, {'layer': '600mb', 'rh': 14}, {'layer': '550mb', 'rh': 9}, {'layer': '500mb', 'rh': 13}, {'layer': '450mb', 'rh': 8}, {'layer': '400mb', 'rh': 7}, {'layer': '350mb', 'rh': 10}, {'layer': '300mb', 'rh': 9}, {'layer': '250mb', 'rh': -3}, {'layer': '200mb', 'rh': -4}]","[{'layer': '950mb', 'direction': -9999, 'speed': -9999}, {'layer': '900mb', 'direction': 310, 'speed': 6}, {'layer': '850mb', 'direction': 315, 'speed': 6}, {'layer': '800mb', 'direction': 325, 'speed': 6}, {'layer': '750mb', 'direction': 325, 'speed': 6}, {'layer': '700mb', 'direction': 325, 'speed': 6}, {'layer': '650mb', 'direction': 320, 'speed': 5}, {'layer': '600mb', 'direction': 315, 'speed': 5}, {'layer': '550mb', 'direction': 335, 'speed': 5}, {'layer': '500mb', 'direction': 325, 'speed': 5}, {'layer': '450mb', 'direction': 305, 'speed': 5}, {'layer': '400mb', 'direction': 315, 'speed': 5}, {'layer': '350mb', 'direction': 325, 'speed': 6}, {'layer': '300mb', 'direction': 310, 'speed': 6}, {'layer': '250mb', 'direction': 270, 'speed': 6}, {'layer': '200mb', 'direction': 250, 'speed': 7}]",-5,15,10,1002,snow,3,3,315,5,USA
55,168,9,-9999,-9999,-9999,"[{'layer': '950mb', 'rh': -9999}, {'layer': '900mb', 'rh': 13}, {'layer': '850mb', 'rh': 15}, {'layer': '800mb', 'rh': 15}, {'layer': '750mb', 'rh': 15}, {'layer': '700mb', 'rh': 15}, {'layer': '650mb', 'rh': 15}, {'layer': '600mb', 'rh': 15}, {'layer': '550mb', 'rh': 14}, {'layer': '500mb', 'rh': 15}, {'layer': '450mb', 'rh': 8}, {'layer': '400mb', 'rh': 12}, {'layer': '350mb', 'rh': 14}, {'layer': '300mb', 'rh': 13}, {'layer': '250mb', 'rh': -1}, {'layer': '200mb', 'rh': -4}]","[{'layer': '950mb', 'direction': -9999, 'speed': -9999}, {'layer': '900mb', 'direction': 315, 'speed': 5}, {'layer': '850mb', 'direction': 315, 'speed': 6}, {'layer': '800mb', 'direction': 330, 'speed': 7}, {'layer': '750mb', 'direction': 330, 'speed': 6}, {'layer': '700mb', 'direction': 325, 'speed': 6}, {'layer': '650mb', 'direction': 325, 'speed': 6}, {'layer': '600mb', 'direction': 320, 'speed': 5}, {'layer': '550mb', 'direction': 315, 'speed': 5}, {'layer': '500mb', 'direction': 310, 'speed': 5}, {'layer': '450mb', 'direction': 310, 'speed': 6}, {'layer': '400mb', 'direction': 300, 'speed': 6}, {'layer': '350mb', 'direction': 305, 'speed': 6}, {'layer': '300mb', 'direction': 305, 'speed': 5}, {'layer': '250mb', 'direction': 280, 'speed': 6}, {'layer': '200mb', 'direction': 255, 'speed': 7}]",-3,15,12,1004,snow,3,3,315,4,USA
56,171,9,-9999,-9999,-9999,"[{'layer': '950mb', 'rh': -9999}, {'layer': '900mb', 'rh': 11}, {'layer': '850mb', 'rh': 14}, {'layer': '800mb', 'rh': 14}, {'layer': '750mb', 'rh': 15}, {'layer': '700mb', 'rh': 15}, {'layer': '650mb', 'rh': 14}, {'layer': '600mb', 'rh': 15}, {'layer': '550mb', 'rh': 12}, {'layer': '500mb', 'rh': 7}, {'layer': '450mb', 'rh': 7}, {'layer': '400mb', 'rh': 4}, {'layer': '350mb', 'rh': 5}, {'layer': '300mb', 'rh': 5}, {'layer': '250mb', 'rh': 0}, {'layer': '200mb', 'rh': -4}]","[{'layer': '950mb', 'direction': -9999, 'speed': -9999}, {'layer': '900mb', 'direction': 315, 'speed': 5}, {'layer': '850mb', 'direction': 320, 'speed': 6}, {'layer': '800mb', 'direction': 330, 'speed': 7}, {'layer': '750mb', 'direction': 335, 'speed': 7}, {'layer': '700mb', 'direction': 335, 'speed': 7}, {'layer': '650mb', 'direction': 335, 'speed': 7}, {'layer': '600mb', 'direction': 335, 'speed': 7}, {'layer': '550mb', 'direction': 335, 'speed': 7}, {'layer': '500mb', 'direction': 330, 'speed': 6}, {'layer': '450mb', 'direction': 320, 'speed': 6}, {'layer': '400mb', 'direction': 305, 'speed': 5}, {'layer': '350mb', 'direction': 290, 'speed': 5}, {'layer': '300mb', 'direction': 280, 'speed': 5}, {'layer': '250mb', 'direction': 275, 'speed': 5}, {'layer': '200mb', 'direction': 255, 'speed': 7}]",-1,15,11,1009,snow,3,4,315,4,USA
57,174,7,-9999,-9999,-9999,"[{'layer': '950mb', 'rh': -9999}, {'layer': '900mb', 'rh': 9}, {'layer': '850mb', 'rh': 13}, {'layer': '800mb', 'rh': 12}, {'layer': '750mb', 'rh': 11}, {'layer': '700mb', 'rh': 11}, {'layer': '650mb', 'rh': 10}, {'layer': '600mb', 'rh': 12}, {'layer': '550mb', 'rh': 12}, {'layer': '500mb', 'rh': 10}, {'layer': '450mb', 'rh': 4}, {'layer': '400mb', 'rh': 4}, {'layer': '350mb', 'rh': 4}, {'layer': '300mb', 'rh': 16}, {'layer': '250mb', 'rh': 0}, {'layer': '200mb', 'rh': -4}]","[{'layer': '950mb', 'direction': -9999, 'speed': -9999}, {'layer': '900mb', 'direction': 325, 'speed': 5}, {'layer': '850mb', 'direction': 330, 'speed': 6}, {'layer': '800mb', 'direction': 335, 'speed': 6}, {'layer': '750mb', 'direction': 335, 'speed': 6}, {'layer': '700mb', 'direction': 335, 'speed': 6}, {'layer': '650mb', 'direction': 325, 'speed': 6}, {'layer': '600mb', 'direction': 315, 'speed': 6}, {'layer': '550mb', 'direction': 315, 'speed': 6}, {'layer': '500mb', 'direction': 320, 'speed': 6}, {'layer': '450mb', 'direction': 315, 'speed': 6}, {'layer': '400mb', 'direction': 305, 'speed': 5}, {'layer': '350mb', 'direction': 285, 'speed': 5}, {'layer': '300mb', 'direction': 270, 'speed': 5}, {'layer': '250mb', 'direction': 265, 'speed': 6}, {'layer': '200mb', 'direction': 250, 'speed': 7}]",0,15,8,1012,snow,3,3,325,4,USA
58,177,9,-9999,-9999,-9999,"[{'layer': '950mb', 'rh': -9999}, {'layer': '900mb', 'rh': 5}, {'layer': '850mb', 'rh': 7}, {'layer': '800mb', 'rh': -1}, {'layer': '750mb', 'rh': -1}, {'layer': '700mb', 'rh': 1}, {'layer': '650mb', 'rh': 2}, {'layer': '600mb', 'rh': 10}, {'layer': '550mb', 'rh': 9}, {'layer': '500mb', 'rh': 9}, {'layer': '450mb', 'rh': 13}, {'layer': '400mb', 'rh': 15}, {'layer': '350mb', 'rh': 16}, {'layer': '300mb', 'rh': 16}, {'layer': '250mb', 'rh': -1}, {'layer': '200mb', 'rh': -4}]","[{'layer': '950mb', 'direction': -9999, 'speed': -9999}, {'layer': '900mb', 'direction': 325, 'speed': 5}, {'layer': '850mb', 'direction': 330, 'speed': 5}, {'layer': '800mb', 'direction': 335, 'speed': 5}, {'layer': '750mb', 'direction': 325, 'speed': 5}, {'layer': '700mb', 'direction': 320, 'speed': 6}, {'layer': '650mb', 'direction': 320, 'speed': 6}, {'layer': '600mb', 'direction': 320, 'speed': 6}, {'layer': '550mb', 'direction': 310, 'speed': 6}, {'layer': '500mb', 'direction': 305, 'speed': 5}, {'layer': '450mb', 'direction': 290, 'speed': 5}, {'layer': '400mb', 'direction': 285, 'speed': 5}, {'layer': '350mb', 'direction': 280, 'speed': 5}, {'layer': '300mb', 'direction': 285, 'speed': 4}, {'layer': '250mb', 'direction': 250, 'speed': 6}, {'layer': '200mb', 'direction': 245, 'speed': 7}]",1,15,5,1014,none,3,3,325,3,USA
59,180,9,-9999,-9999,-9999,"[{'layer': '950mb', 'rh': -9999}, {'layer': '900mb', 'rh': 7}, {'layer': '850mb', 'rh': 0}, {'layer': '800mb', 'rh': -2}, {'layer': '750mb', 'rh': -3}, {'layer': '700mb', 'rh': -1}, {'layer': '650mb', 'rh': 4}, {'layer': '600mb', 'rh': 1}, {'layer': '550mb', 'rh': 12}, {'layer': '500mb', 'rh': 15}, {'layer': '450mb', 'rh': 16}, {'layer': '400mb', 'rh': 16}, {'layer': '350mb', 'rh': 15}, {'layer': '300mb', 'rh': 14}, {'layer': '250mb', 'rh': -1}, {'layer': '200mb', 'rh': -4}]","[{'layer': '950mb', 'direction': -9999, 'speed': -9999}, {'layer': '900mb', 'direction': 330, 'speed': 4}, {'layer': '850mb', 'direction': 345, 'speed': 5}, {'layer': '800mb', 'direction': 335, 'speed': 5}, {'layer': '750mb', 'direction': 320, 'speed': 5}, {'layer': '700mb', 'direction': 315, 'speed': 5}, {'layer': '650mb', 'direction': 310, 'speed': 5}, {'layer': '600mb', 'direction': 310, 'speed': 5}, {'layer': '550mb', 'direction': 305, 'speed': 5}, {'layer': '500mb', 'direction': 295, 'speed': 5}, {'layer': '450mb', 'direction': 290, 'speed': 5}, {'layer': '400mb', 'direction': 295, 'speed': 5}, {'layer': '350mb', 'direction': 290, 'speed': 3}, {'layer': '300mb', 'direction': 245, 'speed': 3}, {'layer': '250mb', 'direction': 245, 'speed': 6}, {'layer': '200mb', 'direction': 250, 'speed': 7}]",-1,15,9,1020,none,3,3,325,3,USA
60,183,9,-9999,-9999,-9999,"[{'layer': '950mb', 'rh': -9999}, {'layer': '900mb', 'rh': 6}, {'layer': '850mb', 'rh': 0}, {'layer': '800mb', 'rh': -2}, {'layer': '750mb', 'rh': -3}, {'layer': '700mb', 'rh': 3}, {'layer': '650mb', 'rh': 7}, {'layer': '600mb', 'rh': 10}, {'layer': '550mb', 'rh': 12}, {'layer': '500mb', 'rh': 14}, {'layer': '450mb', 'rh': 11}, {'layer': '400mb', 'rh': 14}, {'layer': '350mb', 'rh': 15}, {'layer': '300mb', 'rh': 14}, {'layer': '250mb', 'rh': -2}, {'layer': '200mb', 'rh': -4}]","[{'layer': '950mb', 'direction': -9999, 'speed': -9999}, {'layer': '900mb', 'direction': 340, 'speed': 5}, {'layer': '850mb', 'direction': 345, 'speed': 5}, {'layer': '800mb', 'direction': 335, 'speed': 5}, {'layer': '750mb', 'direction': 320, 'speed': 5}, {'layer': '700mb', 'direction': 310, 'speed': 5}, {'layer': '650mb', 'direction': 310, 'speed': 5}, {'layer': '600mb', 'direction': 305, 'speed': 5}, {'layer': '550mb', 'direction': 295, 'speed': 5}, {'layer': '500mb', 'direction': 295, 'speed': 5}, {'layer': '450mb', 'direction': 285, 'speed': 5}, {'layer': '400mb', 'direction': 260, 'speed': 4}, {'layer': '350mb', 'direction': 240, 'speed': 4}, {'layer': '300mb', 'direction': 210, 'speed': 4}, {'layer': '250mb', 'direction': 255, 'speed': 6}, {'layer': '200mb', 'direction': 250, 'speed': 7}]",-3,15,11,1024,none,3,3,335,2,USA
61,186,5,-9999,-9999,-9999,"[{'layer': '950mb', 'rh': -9999}, {'layer': '900mb', 'rh': 4}, {'layer': '850mb', 'rh': 0}, {'layer': '800mb', 'rh': -3}, {'layer': '750mb', 'rh': 0}, {'layer': '700mb', 'rh': 6}, {'layer': '650mb', 'rh': 7}, {'layer': '600mb', 'rh': 7}, {'layer': '550mb', 'rh': 8}, {'layer': '500mb', 'rh': 5}, {'layer': '450mb', 'rh': 1}, {'layer': '400mb', 'rh': 3}, {'layer': '350mb', 'rh': 8}, {'layer': '300mb', 'rh': 8}, {'layer': '250mb', 'rh': -1}, {'layer': '200mb', 'rh': -4}]","[{'layer': '950mb', 'direction': -9999, 'speed': -9999}, {'layer': '900mb', 'direction': 355, 'speed': 4}, {'layer': '850mb', 'direction': 345, 'speed': 4}, {'layer': '800mb', 'direction': 335, 'speed': 3}, {'layer': '750mb', 'direction': 310, 'speed': 3}, {'layer': '700mb', 'direction': 295, 'speed': 3}, {'layer': '650mb', 'direction': 285, 'speed': 4}, {'layer': '600mb', 'direction': 275, 'speed': 4}, {'layer': '550mb', 'direction': 275, 'speed': 3}, {'layer': '500mb', 'direction': 255, 'speed': 3}, {'layer': '450mb', 'direction': 255, 'speed': 5}, {'layer': '400mb', 'direction': 250, 'speed': 5}, {'layer': '350mb', 'direction': 250, 'speed': 5}, {'layer': '300mb', 'direction': 260, 'speed': 7}, {'layer': '250mb', 'direction': 250, 'speed': 8}, {'layer': '200mb', 'direction': 245, 'speed': 8}]",-5,15,11,1027,none,3,3,0,2,USA
62,189,6,-9999,-9999,-9999,"[{'layer': '950mb', 'rh': -9999}, {'layer': '900mb', 'rh': 4}, {'layer': '850mb', 'rh': 0}, {'layer': '800mb', 'rh': -2}, {'layer': '750mb', 'rh': 5}, {'layer': '700mb', 'rh': 7}, {'layer': '650mb', 'rh': 5}, {'layer': '600mb', 'rh': 0}, {'layer': '550mb', 'rh': 1}, {'layer': '500mb', 'rh': 9}, {'layer': '450mb', 'rh': 16}, {'layer': '400mb', 'rh': 16}, {'layer': '350mb', 'rh': 16}, {'layer': '300mb', 'rh': 15}, {'layer': '250mb', 'rh': 0}, {'layer': '200mb', 'rh': -4}]","[{'layer': '950mb', 'direction': -9999, 'speed': -9999}, {'layer': '900mb', 'direction': 340, 'speed': 3}, {'layer': '850mb', 'direction': 330, 'speed': 3}, {'layer': '800mb', 'direction': 320, 'speed': 3}, {'layer': '750mb', 'direction': 305, 'speed': 3}, {'layer': '700mb', 'direction': 290, 'speed': 3}, {'layer': '650mb', 'direction': 290, 'speed': 3}, {'layer': '600mb', 'direction': 280, 'speed': 3}, {'layer': '550mb', 'direction': 245, 'speed': 3}, {'layer': '500mb', 'direction': 235, 'speed': 5}, {'layer': '450mb', 'direction': 235, 'speed': 5}, {'layer': '400mb', 'direction': 240, 'speed': 6}, {'layer': '350mb', 'direction': 250, 'speed': 7}, {'layer': '300mb', 'direction': 250, 'speed': 9}, {'layer': '250mb', 'direction': 250, 'speed': 9}, {'layer': '200mb', 'direction': 245, 'speed': 8}]",-5,15,10,1029,none,3,3,335,2,USA
63,192,7,-9999,-9999,-9999,"[{'layer': '950mb', 'rh': -9999}, {'layer': '900mb', 'rh': 3}, {'layer': '850mb', 'rh': -1}, {'layer': '800mb', 'rh': 0}, {'layer': '750mb', 'rh': 7}, {'layer': '700mb', 'rh': 2}, {'layer': '650mb', 'rh': 2}, {'layer': '600mb', 'rh': 3}, {'layer': '550mb', 'rh': 15}, {'layer': '500mb', 'rh': 15}, {'layer': '450mb', 'rh': 16}, {'layer': '400mb', 'rh': 16}, {'layer': '350mb', 'rh': 16}, {'layer': '300mb', 'rh': 7}, {'layer': '250mb', 'rh': 1}, {'layer': '200mb', 'rh': -4}]","[{'layer': '950mb', 'direction': -9999, 'speed': -9999}, {'layer': '900mb', 'direction': 345, 'speed': 3}, {'layer': '850mb', 'direction': 325, 'speed': 3}, {'layer': '800mb', 'direction': 295, 'speed': 3}, {'layer': '750mb', 'direction': 285, 'speed': 3}, {'layer': '700mb', 'direction': 300, 'speed': 3}, {'layer': '650mb', 'direction': 295, 'speed': 3}, {'layer': '600mb', 'direction': 250, 'speed': 3}, {'layer': '550mb', 'direction': 225, 'speed': 4}, {'layer': '500mb', 'direction': 240, 'speed': 5}, {'layer': '450mb', 'direction': 240, 'speed': 6}, {'layer': '400mb', 'direction': 240, 'speed': 6}, {'layer': '350mb', 'direction': 245, 'speed': 7}, {'layer': '300mb', 'direction': 250, 'speed': 11}, {'layer': '250mb', 'direction': 250, 'speed': 10}, {'layer': '200mb', 'direction': 255, 'speed': 8}]",-4,15,9,1029,none,3,3,25,2,USA
