,year,country,sex_,fecha,fatalidad,nueva_especie,edad_limpia
0,2018,usa,F,Unknown,N,white,57.0
1,2018,brazil,M,Unknown,N,Tiger,18.0
2,2018,usa,M,Unknown,N,Bull,15.0
3,2018,australia,M,Unknown,N,Grey,32.0
4,2018,england,M,Unknown,N,Desconocido,21.0
5,2018,costa rica,M,Unknown,N,Tiger,30.0
6,2018,australia,M,Unknown,N,Desconocido,60.0
7,2018,maldives,M,Unknown,N,Tiger,32.0
8,2018,south africa,M,Unknown,N,white,33.0
9,2018,south africa,M,Unknown,N,white,19.0
10,2018,usa,M,Unknown,N,Tiger,25.0
11,2018,australia,M,Unknown,N,Desconocido,10.0
12,2018,australia,M,Unknown,N,Desconocido,29.22721088435374
13,2018,australia,M,Unknown,N,Desconocido,18.0
14,2018,australia,F,Unknown,N,white,55.0
15,2018,australia,M,Unknown,N,Bull,35.0
16,2018,brazil,M,Unknown,N,Desconocido,20.0
17,2017,usa,F,Unknown,N,Tiger,54.0
18,2017,usa,M,Unknown,N,white,25.0
19,2017,australia,M,Unknown,N,Desconocido,25.0
20,2017,cuba,M,Unknown,N,Tiger,22.0
21,2017,australia,M,Unknown,N,Desconocido,31.0
22,2017,australia,F,Unknown,N,white,15.0
23,2017,usa,M,Unknown,N,Tiger,54.0
24,2017,usa,F,Unknown,N,Desconocido,40.0
25,2017,usa,M,Unknown,N,Desconocido,33.0
26,2017,usa,M,Unknown,N,Desconocido,18.0
27,2017,australia,M,Unknown,N,white,35.0
28,2017,australia,M,Unknown,N,white,37.0
29,2017,spain,F,Unknown,N,Desconocido,11.0
30,2017,usa,M,Unknown,N,white,29.22721088435374
31,2017,usa,M,Unknown,N,Desconocido,13.0
32,2017,usa,M,Unknown,N,Desconocido,34.0
33,2017,usa,M,Unknown,N,Desconocido,10.0
34,2017,usa,M,Unknown,N,white,40.0
35,2017,usa,M,Unknown,N,white,50.0
36,2017,usa,M,Unknown,N,Bull,46.0
37,2017,south africa,F,Unknown,N,white,13.0
38,2017,australia,M,Unknown,N,white,48.0
39,2017,bahamas,F,Unknown,N,Tiger,32.0
40,2017,usa,F,Unknown,N,Desconocido,18.0
41,2017,australia,F,Unknown,N,white,17.0
42,2017,usa,M,Unknown,N,Tiger,28.0
43,2017,usa,F,Unknown,N,Bull,17.0
44,2017,australia,M,Unknown,N,Bull,55.0
45,2017,indonesia,M,Unknown,N,Bull,48.0
46,2017,australia,M,Unknown,N,Desconocido,20.0
47,2016,south africa,M,Unknown,N,white,55.0
48,2016,usa,M,Unknown,N,Desconocido,19.0
49,2016,australia,M,Unknown,N,Desconocido,20.0
50,2016,australia,M,Unknown,N,white,29.22721088435374
51,2016,australia,M,Unknown,N,Desconocido,29.22721088435374
52,2016,usa,F,Unknown,N,Tiger,58.0
53,2016,usa,M,Unknown,N,Desconocido,36.0
54,2016,australia,M,Unknown,N,white,17.0
55,2016,usa,M,Unknown,N,Desconocido,60.0
56,2016,usa,F,Unknown,N,Tiger,51.0
57,2016,usa,M,Unknown,N,Bull,25.0
58,2016,usa,M,Unknown,N,Tiger,21.0
59,2016,spain,M,Unknown,N,Desconocido,40.0
60,2016,australia,M,Unknown,N,Desconocido,31.0
61,2016,usa,M,Unknown,N,white,61.0
62,2016,usa,M,Unknown,N,Desconocido,59.0
63,2016,australia,M,Unknown,N,Desconocido,34.0
64,2016,usa,M,Unknown,N,Desconocido,42.0
65,2016,usa,F,Unknown,N,Desconocido,
66,2016,usa,M,Unknown,N,Desconocido,19.0
67,2016,usa,M,Unknown,N,Desconocido,27.0
68,2016,australia,F,Unknown,N,Desconocido,60.0
69,2016,egypt,M,Unknown,N,Desconocido,23.0
70,2016,australia,M,Unknown,N,white,29.0
71,2016,usa,M,Unknown,N,Desconocido,13.0
72,2016,usa,F,Unknown,N,Bull,22.0
73,2016,usa,M,Unknown,N,Desconocido,48.0
74,2016,usa,F,Unknown,N,Desconocido,23.0
75,2016,new zealand,M,Unknown,N,Desconocido,39.0
76,2016,indonesia,M,Unknown,N,Bull,24.0
77,2016,australia,M,Unknown,N,Desconocido,12.0
78,2016,french polynesia,M,Unknown,N,Grey,22.0
79,2016,french polynesia,M,Unknown,N,Grey,26.0
80,2016,new caledonia,F,Unknown,N,Tiger,29.22721088435374
81,2016,usa,M,Unknown,N,Tiger,48.0
82,2016,australia,M,Unknown,N,Desconocido,11.0
83,2016,australia,M,Unknown,N,Desconocido,31.0
84,2015,usa,M,Unknown,N,Desconocido,29.22721088435374
85,2015,australia,M,Unknown,N,Desconocido,43.0
86,2015,ecuador,M,Unknown,N,Desconocido,55.0
87,2015,australia,M,Unknown,N,Bull,20.0
88,2015,usa,F,Unknown,N,Desconocido,
89,2015,usa,F,Unknown,N,Desconocido,28.0
90,2015,south africa,M,Unknown,N,white,42.0
91,2015,usa,M,Unknown,N,Desconocido,21.0
92,2015,usa,M,Unknown,N,Desconocido,21.0
93,2015,usa,M,Unknown,N,Desconocido,32.0
94,2015,usa,M,Unknown,N,Tiger,44.0
95,2015,usa,M,Unknown,N,Tiger,25.0
96,2015,usa,M,Unknown,N,Desconocido,13.0
97,2015,usa,M,Unknown,N,Desconocido,14.0
98,2015,usa,M,Unknown,N,Desconocido,22.0
99,2015,usa,M,Unknown,N,Desconocido,14.0
100,2015,usa,M,Unknown,N,Tiger,27.0
101,2015,usa,M,Unknown,N,Desconocido,12.0
102,2015,australia,M,Unknown,N,Desconocido,42.0
103,2015,usa,F,Unknown,N,white,50.0
104,2015,usa,M,Unknown,N,Desconocido,29.0
105,2015,australia,M,Unknown,N,white,62.0
106,2015,thailand,F,Unknown,N,Desconocido,37.0
107,2015,usa,F,Unknown,N,white,54.0
108,2015,usa,M,Unknown,N,white,21.0
109,2015,usa,M,Unknown,N,Desconocido,15.0
110,2015,usa,F,Unknown,N,Desconocido,10.0
111,2015,usa,M,Unknown,N,white,22.0
112,2015,spain,M,Unknown,N,Desconocido,10.0
113,2015,usa,M,Unknown,N,Desconocido,57.0
114,2015,australia,M,Unknown,N,white,52.0
115,2015,usa,M,Unknown,N,Desconocido,25.0
116,2015,usa,F,Unknown,N,Desconocido,35.0
117,2015,australia,M,Unknown,N,white,46.0
118,2015,usa,M,Unknown,N,white,38.0
120,2015,australia,M,Unknown,N,white,32.0
121,2015,usa,M,Unknown,N,Desconocido,29.22721088435374
122,2015,usa,M,Unknown,N,Desconocido,12.0
123,2015,usa,M,Unknown,N,Bull,18.0
124,2015,south africa,M,Unknown,N,white,19.0
125,2015,south africa,M,Unknown,N,white,23.0
126,2015,usa,M,Unknown,N,Desconocido,43.0
127,2015,usa,M,Unknown,N,Tiger,
128,2015,australia,F,Unknown,N,white,37.0
129,2015,usa,M,Unknown,N,Bull,16.0
130,2015,usa,F,Unknown,N,Bull,12.0
131,2015,usa,F,Unknown,N,Desconocido,13.0
132,2015,usa,M,Unknown,N,Bull,11.0
133,2015,reunion,M,Unknown,N,Bull,47.0
134,2015,french polynesia,M,Unknown,N,Desconocido,19.0
135,2015,usa,M,Unknown,N,Desconocido,18.0
136,2015,south africa,M,Unknown,N,white,29.0
137,2015,usa,M,Unknown,N,Desconocido,63.0
138,2015,australia,M,Unknown,N,white,26.0
139,2015,australia,M,Unknown,N,white,29.22721088435374
140,2015,reunion,M,Unknown,N,Bull,13.0
141,2015,usa,M,Unknown,N,Bull,29.22721088435374
142,2015,brazil,M,Unknown,N,Desconocido,23.0
143,2015,usa,M,Unknown,N,Tiger,58.0
144,2015,french polynesia,M,Unknown,N,Desconocido,
145,2015,reunion,F,Unknown,N,Tiger,22.0
146,2015,australia,M,Unknown,N,Desconocido,41.0
147,2015,australia,M,Unknown,N,Desconocido,35.0
148,2015,australia,M,Unknown,N,Bull,57.0
149,2015,usa,M,Unknown,N,Desconocido,20.0
150,2015,bahamas,F,Unknown,N,white,34.0
151,2015,south africa,M,Unknown,N,Desconocido,15.0
152,2014,australia,M,Unknown,N,white,17.0
153,2014,usa,M,Unknown,N,white,50.0
154,2014,australia,M,Unknown,N,Desconocido,40.0
155,2014,australia,M,Unknown,N,Tiger,17.0
156,2014,usa,M,Unknown,N,Desconocido,44.0
157,2014,usa,M,Unknown,N,Desconocido,53.0
158,2014,usa,F,Unknown,N,Tiger,34.0
159,2014,australia,F,Unknown,N,Desconocido,13.0
160,2014,usa,M,Unknown,N,Desconocido,29.0
161,2014,usa,M,Unknown,N,Desconocido,15.0
162,2014,usa,M,Unknown,N,Desconocido,28.0
163,2014,australia,M,Unknown,N,white,23.0
164,2014,australia,M,Unknown,N,Desconocido,50.0
165,2014,usa,M,Unknown,N,Bull,43.0
166,2014,usa,F,Unknown,N,white,20.0
167,2014,usa,M,Unknown,N,Desconocido,52.0
168,2014,usa,F,Unknown,N,Desconocido,13.0
169,2014,usa,M,Unknown,N,Bull,
170,2014,usa,M,Unknown,N,Desconocido,10.0
171,2014,south africa,M,Unknown,N,white,20.0
172,2014,usa,M,Unknown,N,Desconocido,61.0
173,2014,usa,M,Unknown,N,Desconocido,39.0
174,2014,bahamas,M,Unknown,N,Desconocido,63.0
175,2014,usa,M,Unknown,N,Desconocido,19.0
176,2014,usa,M,Unknown,N,Desconocido,16.0
177,2014,australia,M,Unknown,N,Desconocido,39.0
178,2014,usa,F,Unknown,N,Bull,22.0
179,2014,australia,M,Unknown,N,white,35.0
180,2014,usa,F,Unknown,N,Desconocido,40.0
181,2014,usa,M,Unknown,N,Desconocido,23.0
182,2014,australia,F,Unknown,N,white,63.0
183,2014,australia,M,Unknown,N,Desconocido,38.0
184,2014,south africa,M,Unknown,N,Desconocido,29.22721088435374
185,2014,french polynesia,M,Unknown,N,Desconocido,21.0
186,2014,new zealand,M,Unknown,N,Desconocido,28.0
187,2013,new caledonia,M,Unknown,N,Bull,37.0
188,2013,south africa,M,Unknown,N,white,19.0
189,2013,usa,M,Unknown,N,Tiger,29.0
190,2013,usa,M,Unknown,N,Desconocido,30.0
191,2013,australia,M,Unknown,N,Desconocido,26.0
192,2013,australia,M,Unknown,N,Tiger,19.0
193,2013,australia,M,Unknown,N,white,35.0
194,2013,usa,M,Unknown,N,white,25.0
195,2013,usa,M,Unknown,N,Tiger,46.0
196,2013,australia,F,Unknown,N,Desconocido,60.0
197,2013,reunion,M,Unknown,N,Bull,24.0
198,2013,australia,M,Unknown,N,Desconocido,41.0
199,2013,usa,M,Unknown,N,white,45.0
200,2013,usa,M,Unknown,N,Tiger,25.0
201,2013,usa,M,Unknown,N,Desconocido,
202,2013,south africa,M,Unknown,N,white,29.22721088435374
203,2013,australia,M,Unknown,N,white,55.0
204,2013,usa,M,Unknown,N,white,45.0
205,2013,usa,M,Unknown,N,Bull,21.0
206,2013,usa,F,Unknown,N,Desconocido,13.0
207,2013,usa,M,Unknown,N,Desconocido,43.0
208,2013,usa,M,Unknown,N,Desconocido,25.0
209,2013,usa,M,Unknown,N,Desconocido,
210,2013,usa,F,Unknown,N,Tiger,20.0
211,2013,usa,M,Unknown,N,Bull,10.0
212,2013,usa,M,Unknown,N,Bull,17.0
213,2013,bahamas,M,Unknown,N,Desconocido,40.0
214,2013,usa,M,Unknown,N,Tiger,18.0
215,2013,bahamas,M,Unknown,N,Desconocido,64.0
216,2013,usa,M,Unknown,N,Desconocido,14.0
217,2013,usa,M,Unknown,N,Tiger,28.0
218,2013,usa,F,Unknown,N,Desconocido,10.0
219,2013,ecuador,M,Unknown,N,Desconocido,29.0
220,2013,reunion,M,Unknown,N,Bull,36.0
221,2013,usa,M,Unknown,N,Desconocido,16.0
222,2013,mexico,F,Unknown,N,Tiger,34.0
223,2013,australia,M,Unknown,N,Grey,51.0
224,2013,usa,M,Unknown,N,Desconocido,
226,2013,french polynesia,M,Unknown,N,Desconocido,53.0
227,2013,usa,M,Unknown,N,Desconocido,58.0
228,2013,south africa,M,Unknown,N,Desconocido,30.0
229,2013,jamaica,M,Unknown,N,Tiger,29.22721088435374
230,2013,australia,M,Unknown,N,Desconocido,28.0
231,2013,new zealand,M,Unknown,N,white,46.0
232,2013,usa,M,Unknown,N,Desconocido,16.0
233,2013,french polynesia,M,Unknown,N,Lemon,48.0
234,2013,usa,M,Unknown,N,Tiger,43.0
235,2012,australia,M,Unknown,N,Desconocido,23.0
236,2012,australia,M,Unknown,N,Bull,29.0
237,2012,australia,M,Unknown,N,Tiger,32.0
238,2012,usa,M,Unknown,N,Desconocido,60.0
239,2012,australia,M,Unknown,N,Tiger,31.0
240,2012,usa,M,Unknown,N,Tiger,61.0
241,2012,mexico,M,Unknown,N,Desconocido,32.0
242,2012,usa,M,Unknown,N,Desconocido,14.0
243,2012,usa,M,Unknown,N,Tiger,30.0
244,2012,usa,M,Unknown,N,Tiger,43.0
245,2012,usa,M,Unknown,N,white,25.0
246,2012,usa,F,Unknown,N,Tiger,51.0
247,2012,usa,M,Unknown,N,white,39.0
248,2012,usa,M,Unknown,N,Desconocido,55.0
249,2012,australia,M,Unknown,N,Desconocido,11.0
250,2012,usa,M,Unknown,N,Desconocido,21.0
251,2012,usa,M,Unknown,N,Desconocido,22.0
252,2012,usa,F,Unknown,N,Desconocido,
253,2012,usa,F,Unknown,N,Desconocido,56.0
254,2012,usa,M,Unknown,N,Lemon,56.0
255,2012,australia,M,Unknown,N,white,48.0
256,2012,usa,M,Unknown,N,white,50.0
257,2012,australia,M,Unknown,N,white,24.0
258,2012,usa,M,Unknown,N,Desconocido,52.0
259,2012,south africa,M,Unknown,N,Desconocido,29.0
260,2012,usa,M,Unknown,N,Bull,
261,2012,usa,F,Unknown,N,Desconocido,16.0
262,2012,australia,M,Unknown,N,Desconocido,62.0
263,2012,usa,M,Unknown,N,Desconocido,23.0
264,2012,usa,F,Unknown,N,Desconocido,18.0
265,2012,usa,M,Unknown,N,Desconocido,16.0
266,2012,australia,M,Unknown,N,Desconocido,42.0
267,2012,italy,M,Unknown,N,Desconocido,57.0
268,2012,australia,M,Unknown,N,white,30.0
269,2012,usa,F,Unknown,N,Desconocido,33.0
270,2012,mexico,M,Unknown,N,Bull,46.0
271,2012,usa,M,Unknown,N,Desconocido,22.0
272,2012,usa,M,Unknown,N,white,30.0
273,2012,usa,F,Unknown,N,white,15.0
274,2012,usa,M,Unknown,N,Desconocido,28.0
275,2012,south africa,M,Unknown,N,white,20.0
276,2012,usa,M,Unknown,N,Tiger,28.0
277,2012,australia,M,Unknown,N,white,33.0
278,2012,australia,M,Unknown,N,Bull,20.0
279,2012,usa,M,Unknown,N,Bull,61.0
280,2012,usa,F,Unknown,N,Desconocido,15.0
281,2012,usa,M,Unknown,N,Desconocido,17.0
282,2012,australia,F,Unknown,N,Desconocido,34.0
283,2012,usa,M,Unknown,N,Desconocido,19.0
284,2012,australia,M,Unknown,N,Tiger,26.0
285,2012,australia,M,Unknown,N,white,44.0
286,2012,south africa,M,Unknown,N,Bull,25.0
287,2012,australia,M,Unknown,N,Desconocido,28.0
288,2012,australia,M,Unknown,N,Tiger,34.0
289,2011,australia,M,Unknown,N,white,51.0
290,2011,australia,M,Unknown,N,Desconocido,10.0
291,2011,australia,M,Unknown,N,white,32.0
292,2011,australia,M,Unknown,N,Desconocido,50.0
293,2011,usa,M,Unknown,N,Desconocido,27.0
294,2011,south africa,M,Unknown,N,white,43.0
295,2011,usa,M,Unknown,N,Bull,21.0
296,2011,usa,M,Unknown,N,Desconocido,25.0
297,2011,papua new guinea,M,Unknown,N,Tiger,30.0
298,2011,australia,M,Unknown,N,white,21.0
299,2011,usa,M,Unknown,N,Desconocido,19.0
300,2011,usa,M,Unknown,N,Desconocido,19.0
301,2011,australia,M,Unknown,N,Desconocido,48.0
302,2011,south africa,M,Unknown,N,white,49.0
303,2011,usa,F,Unknown,N,Tiger,20.0
304,2011,russia,M,Unknown,N,Desconocido,25.0
305,2011,french polynesia,M,Unknown,N,Grey,32.0
306,2011,seychelles,M,Unknown,N,Bull,30.0
307,2011,south africa,M,Unknown,N,white,29.0
308,2011,south africa,M,Unknown,N,Bull,22.0
309,2011,usa,F,Unknown,N,Bull,10.0
310,2011,usa,M,Unknown,N,Desconocido,28.0
311,2011,usa,M,Unknown,N,Desconocido,19.0
312,2011,south africa,M,Unknown,N,Desconocido,28.0
313,2011,new caledonia,M,Unknown,N,Tiger,15.0
314,2011,australia,M,Unknown,N,Desconocido,17.0
315,2011,usa,M,Unknown,N,Desconocido,49.0
316,2011,new zealand,M,Unknown,N,Desconocido,41.0
317,2011,australia,M,Unknown,N,Bull,48.0
318,2011,australia,F,Unknown,N,Desconocido,24.0
319,2011,australia,M,Unknown,N,Bull,36.0
320,2011,new caledonia,M,Unknown,N,Desconocido,21.0
321,2011,australia,M,Unknown,N,white,49.0
322,2011,mexico,F,Unknown,N,Desconocido,38.0
323,2011,bahamas,M,Unknown,N,Desconocido,55.0
324,2011,australia,F,Unknown,N,Desconocido,
325,2010,usa,M,Unknown,N,Desconocido,16.0
326,2010,egypt,F,Unknown,N,white,29.22721088435374
327,2010,egypt,M,Unknown,N,Desconocido,54.0
328,2010,egypt,M,Unknown,N,Desconocido,46.0
329,2010,egypt,F,Unknown,N,white,29.22721088435374
330,2010,egypt,F,Unknown,N,white,48.0
331,2010,australia,F,Unknown,N,white,20.0
332,2010,usa,M,Unknown,N,Desconocido,30.0
333,2010,usa,M,Unknown,N,white,19.0
334,2010,australia,M,Unknown,N,Bull,22.0
335,2010,usa,M,Unknown,N,white,29.0
336,2010,australia,M,Unknown,N,Desconocido,15.0
337,2010,australia,M,Unknown,N,white,31.0
338,2010,usa,F,Unknown,N,Desconocido,37.0
339,2010,usa,M,Unknown,N,Desconocido,10.0
340,2010,usa,F,Unknown,N,Tiger,13.0
341,2010,spain,M,Unknown,N,Desconocido,
342,2010,usa,M,Unknown,N,Desconocido,20.0
343,2010,usa,M,Unknown,N,Desconocido,19.0
344,2010,usa,M,Unknown,N,Desconocido,48.0
345,2010,vietnam,M,Unknown,N,Desconocido,17.0
346,2010,usa,F,Unknown,N,Desconocido,18.0
347,2010,usa,M,Unknown,N,Lemon,49.0
348,2010,vietnam,F,Unknown,N,Desconocido,58.0
349,2010,vietnam,F,Unknown,N,Desconocido,60.0
350,2010,usa,F,Unknown,N,Desconocido,10.0
351,2010,usa,M,Unknown,N,Lemon,29.0
352,2010,usa,M,Unknown,N,Desconocido,29.22721088435374
353,2010,south africa,M,Unknown,N,Desconocido,35.0
354,2010,egypt,M,Unknown,N,white,24.0
355,2010,reunion,M,Unknown,N,Desconocido,34.0
356,2010,australia,F,Unknown,N,Desconocido,60.0
357,2010,australia,M,Unknown,N,Desconocido,46.0
358,2010,australia,M,Unknown,N,white,18.0
359,2010,guam,M,Unknown,N,Desconocido,31.0
360,2010,new zealand,F,Unknown,N,Desconocido,14.0
361,2010,south africa,M,Unknown,N,white,37.0
362,2009,mozambique,M,Unknown,N,Desconocido,27.0
363,2009,australia,M,Unknown,N,Bull,18.0
364,2009,usa,M,Unknown,N,Tiger,58.0
365,2009,usa,M,Unknown,N,Desconocido,49.0
366,2009,usa,M,Unknown,N,Desconocido,10.0
367,2009,usa,M,Unknown,N,Desconocido,31.0
368,2009,usa,M,Unknown,N,Desconocido,18.0
369,2009,australia,M,Unknown,N,Desconocido,25.0
370,2009,australia,M,Unknown,N,white,27.0
371,2009,usa,M,Unknown,N,Desconocido,54.0
372,2009,scotland,M,Unknown,N,Desconocido,23.0
373,2009,united kingdom,M,Unknown,N,Desconocido,39.0
374,2009,usa,M,Unknown,N,Desconocido,60.0
375,2009,south africa,M,Unknown,N,white,25.0
376,2009,usa,F,Unknown,N,white,22.0
377,2009,usa,M,Unknown,N,Bull,56.0
378,2009,usa,F,Unknown,N,Desconocido,43.0
379,2009,australia,M,Unknown,N,Desconocido,52.0
380,2009,usa,M,Unknown,N,Desconocido,14.0
381,2009,egypt,F,Unknown,N,white,50.0
382,2009,taiwan,M,Unknown,N,Desconocido,46.0
383,2009,usa,M,Unknown,N,Desconocido,31.0
384,2009,usa,M,Unknown,N,Desconocido,49.0
385,2009,usa,M,Unknown,N,Desconocido,55.0
386,2009,guam,M,Unknown,N,Desconocido,27.0
387,2009,usa,M,Unknown,N,Desconocido,31.0
388,2009,australia,M,Unknown,N,Desconocido,40.0
389,2009,south africa,M,Unknown,N,Desconocido,24.0
390,2009,australia,M,Unknown,N,Desconocido,17.0
391,2009,usa,F,Unknown,N,Desconocido,17.0
392,2009,usa,M,Unknown,N,Desconocido,61.0
393,2009,south africa,M,Unknown,N,Desconocido,40.0
394,2009,australia,M,Unknown,N,Desconocido,15.0
395,2009,australia,M,Unknown,N,white,33.0
396,2009,australia,M,Unknown,N,Bull,31.0
397,2009,australia,M,Unknown,N,white,41.0
398,2009,cuba,M,Unknown,N,Bull,15.0
399,2009,south africa,M,Unknown,N,Tiger,25.0
400,2009,australia,M,Unknown,N,Desconocido,24.0
401,2009,australia,F,Unknown,N,white,13.0
402,2009,australia,M,Unknown,N,white,31.0
403,2009,new zealand,M,Unknown,N,Desconocido,49.0
404,2008,australia,M,Unknown,N,white,29.0
405,2008,australia,M,Unknown,N,white,51.0
406,2008,south africa,M,Unknown,N,Desconocido,15.0
407,2008,australia,M,Unknown,N,Grey,34.0
408,2008,croatia,M,Unknown,N,white,43.0
409,2008,usa,M,Unknown,N,Desconocido,40.0
410,2008,australia,M,Unknown,N,Desconocido,43.0
411,2008,usa,M,Unknown,N,Tiger,40.0
412,2008,australia,M,Unknown,N,Desconocido,51.0
413,2008,usa,M,Unknown,N,Desconocido,52.0
414,2008,usa,M,Unknown,N,Desconocido,27.0
415,2008,usa,M,Unknown,N,Desconocido,26.0
416,2008,usa,F,Unknown,N,Desconocido,20.0
417,2008,usa,F,Unknown,N,Bull,38.0
418,2008,australia,M,Unknown,N,white,31.0
419,2008,usa,F,Unknown,N,Desconocido,
420,2008,usa,M,Unknown,N,Desconocido,16.0
421,2008,usa,M,Unknown,N,Desconocido,53.0
422,2008,south africa,M,Unknown,N,white,46.0
423,2008,usa,M,Unknown,N,Desconocido,37.0
424,2008,usa,F,Unknown,N,white,40.0
425,2008,usa,F,Unknown,N,Desconocido,15.0
426,2008,brazil,M,Unknown,N,Bull,14.0
427,2008,mexico,M,Unknown,N,Desconocido,49.0
428,2008,australia,M,Unknown,N,white,37.0
429,2008,new caledonia,M,Unknown,N,Bull,40.0
430,2008,mexico,M,Unknown,N,Tiger,24.0
431,2008,usa,M,Unknown,N,Desconocido,18.0
432,2008,new caledonia,M,Unknown,N,Bull,32.0
433,2008,usa,M,Unknown,N,white,29.22721088435374
434,2008,mexico,M,Unknown,N,Desconocido,32.0
435,2008,australia,M,Unknown,N,Desconocido,19.0
436,2008,usa,M,Unknown,N,Desconocido,30.0
437,2008,australia,M,Unknown,N,Bull,16.0
438,2008,usa,M,Unknown,N,Desconocido,52.0
439,2008,usa,M,Unknown,N,Desconocido,13.0
440,2008,usa,M,Unknown,N,Desconocido,
441,2008,usa,M,Unknown,N,white,27.0
442,2008,bahamas,M,Unknown,N,Bull,49.0
443,2008,australia,M,Unknown,N,Desconocido,20.0
444,2007,australia,M,Unknown,N,Desconocido,31.0
445,2007,australia,M,Unknown,N,Desconocido,34.0
446,2007,usa,M,Unknown,N,Tiger,52.0
447,2007,south africa,M,Unknown,N,Desconocido,14.0
448,2007,usa,M,Unknown,N,Desconocido,21.0
449,2007,usa,M,Unknown,N,Desconocido,42.0
450,2007,south africa,M,Unknown,N,white,37.0
451,2007,usa,M,Unknown,N,Tiger,32.0
452,2007,australia,F,Unknown,N,white,52.0
453,2007,australia,M,Unknown,N,Desconocido,31.0
454,2007,usa,M,Unknown,N,Desconocido,22.0
455,2007,usa,M,Unknown,N,Desconocido,16.0
456,2007,new caledonia,F,Unknown,N,Tiger,23.0
457,2007,bahamas,F,Unknown,N,Desconocido,48.0
458,2007,egypt,F,Unknown,N,white,18.0
459,2007,usa,M,Unknown,N,Desconocido,23.0
460,2007,usa,F,Unknown,N,Desconocido,
461,2007,usa,M,Unknown,N,Desconocido,14.0
462,2007,usa,F,Unknown,N,Desconocido,12.0
463,2007,usa,M,Unknown,N,Desconocido,58.0
464,2007,usa,M,Unknown,N,Tiger,15.0
465,2007,usa,M,Unknown,N,white,24.0
466,2007,usa,M,Unknown,N,Desconocido,54.0
467,2007,usa,M,Unknown,N,Desconocido,27.0
468,2007,usa,M,Unknown,N,Desconocido,16.0
469,2007,usa,M,Unknown,N,Bull,20.0
470,2007,usa,F,Unknown,N,Desconocido,15.0
471,2007,usa,F,Unknown,N,Bull,19.0
472,2007,usa,M,Unknown,N,Desconocido,36.0
473,2007,australia,M,Unknown,N,Desconocido,15.0
474,2007,usa,M,Unknown,N,Desconocido,14.0
475,2007,usa,F,Unknown,N,Desconocido,43.0
476,2007,usa,F,Unknown,N,Desconocido,30.0
477,2007,bahamas,F,Unknown,N,Bull,48.0
478,2007,usa,M,Unknown,N,Desconocido,20.0
479,2007,usa,F,Unknown,N,Desconocido,
480,2007,usa,F,Unknown,N,Desconocido,40.0
481,2007,england,M,Unknown,N,Desconocido,38.0
482,2007,australia,F,Unknown,N,Desconocido,38.0
483,2007,australia,M,Unknown,N,Desconocido,19.0
484,2007,usa,F,Unknown,N,Desconocido,21.0
485,2007,australia,M,Unknown,N,Desconocido,45.0
486,2007,usa,F,Unknown,N,Tiger,63.0
487,2007,usa,M,Unknown,N,Desconocido,29.22721088435374
488,2007,australia,F,Unknown,N,Desconocido,13.0
489,2007,usa,M,Unknown,N,Desconocido,12.0
490,2007,usa,M,Unknown,N,Desconocido,24.0
491,2007,new caledonia,M,Unknown,N,Tiger,26.0
493,2007,usa,M,Unknown,N,Desconocido,11.0
494,2007,australia,F,Unknown,N,Desconocido,42.0
495,2007,australia,F,Unknown,N,Desconocido,59.0
496,2007,new caledonia,M,Unknown,N,Tiger,30.0
497,2007,australia,M,Unknown,N,white,41.0
498,2007,south africa,M,Unknown,N,Tiger,24.0
499,2007,usa,M,Unknown,N,Desconocido,54.0
500,2007,usa,M,Unknown,N,Tiger,24.0
501,2006,australia,M,Unknown,N,Desconocido,25.0
502,2006,new zealand,M,Unknown,N,Desconocido,10.0
503,2006,usa,M,Unknown,N,white,43.0
504,2006,south africa,M,Unknown,N,Desconocido,25.0
505,2006,australia,M,Unknown,N,white,15.0
506,2006,usa,M,Unknown,N,Desconocido,29.0
507,2006,usa,M,Unknown,N,white,22.0
508,2006,usa,M,Unknown,N,Desconocido,18.0
509,2006,usa,M,Unknown,N,Desconocido,55.0
510,2006,australia,M,Unknown,N,Desconocido,44.0
511,2006,usa,M,Unknown,N,Desconocido,33.0
512,2006,south africa,M,Unknown,N,white,24.0
513,2006,usa,M,Unknown,N,white,41.0
514,2006,south africa,M,Unknown,N,white,19.0
515,2006,usa,M,Unknown,N,Desconocido,14.0
516,2006,usa,M,Unknown,N,Desconocido,49.0
517,2006,usa,F,Unknown,N,Bull,14.0
518,2006,usa,F,Unknown,N,Desconocido,22.0
519,2006,usa,M,Unknown,N,Desconocido,24.0
520,2006,usa,F,Unknown,N,Desconocido,
521,2006,australia,M,Unknown,N,white,40.0
522,2006,usa,M,Unknown,N,Tiger,26.0
523,2006,usa,M,Unknown,N,Grey,15.0
524,2006,usa,F,Unknown,N,Tiger,30.0
525,2006,australia,M,Unknown,N,Desconocido,46.0
526,2006,usa,M,Unknown,N,Bull,35.0
527,2006,australia,M,Unknown,N,Desconocido,15.0
528,2006,south africa,M,Unknown,N,Desconocido,15.0
529,2006,brazil,M,Unknown,N,Tiger,35.0
530,2006,usa,F,Unknown,N,Tiger,28.0
531,2006,fiji,M,Unknown,N,Tiger,21.0
532,2006,australia,M,Unknown,N,Desconocido,15.0
533,2006,usa,F,Unknown,N,Desconocido,15.0
534,2006,usa,M,Unknown,N,Desconocido,45.0
535,2006,south africa,M,Unknown,N,Desconocido,15.0
536,2006,tonga,F,Unknown,N,Tiger,24.0
537,2006,usa,M,Unknown,N,Desconocido,57.0
538,2006,australia,M,Unknown,N,white,52.0
539,2006,australia,F,Unknown,N,Bull,21.0
540,2006,usa,M,Unknown,N,Desconocido,21.0
541,2005,usa,M,Unknown,N,white,30.0
542,2005,usa,M,Unknown,N,Tiger,29.0
543,2005,australia,M,Unknown,N,white,44.0
544,2005,usa,M,Unknown,N,Desconocido,23.0
545,2005,australia,M,Unknown,N,Desconocido,18.0
546,2005,usa,M,Unknown,N,Desconocido,30.0
547,2005,south africa,M,Unknown,N,Desconocido,32.0
548,2005,usa,M,Unknown,N,Desconocido,18.0
549,2005,usa,M,Unknown,N,white,26.0
550,2005,st. maartin,M,Unknown,N,Desconocido,55.0
551,2005,south africa,M,Unknown,N,Desconocido,20.0
552,2005,usa,M,Unknown,N,white,36.0
553,2005,usa,F,Unknown,N,white,20.0
554,2005,usa,M,Unknown,N,Tiger,22.0
555,2005,grand cayman,F,Unknown,N,Desconocido,57.0
556,2005,south africa,M,Unknown,N,white,52.0
557,2005,australia,M,Unknown,N,white,26.0
558,2005,australia,M,Unknown,N,Desconocido,44.0
559,2005,usa,F,Unknown,N,Desconocido,29.22721088435374
560,2005,usa,F,Unknown,N,Bull,18.0
561,2005,australia,M,Unknown,N,white,40.0
562,2005,australia,M,Unknown,N,white,23.0
563,2005,usa,M,Unknown,N,white,37.0
564,2005,usa,M,Unknown,N,Desconocido,17.0
565,2005,usa,M,Unknown,N,Desconocido,
566,2005,usa,M,Unknown,N,Desconocido,16.0
567,2005,usa,M,Unknown,N,Desconocido,25.0
568,2005,usa,M,Unknown,N,Desconocido,22.0
569,2005,usa,F,Unknown,N,Desconocido,14.0
570,2005,usa,M,Unknown,N,Bull,16.0
571,2005,usa,F,Unknown,N,Bull,14.0
572,2005,vanuatu,F,Unknown,N,Desconocido,
573,2005,usa,M,Unknown,N,Desconocido,49.0
574,2005,usa,M,Unknown,N,Desconocido,20.0
575,2005,usa,M,Unknown,N,white,17.0
576,2005,south africa,M,Unknown,N,white,22.0
577,2005,usa,M,Unknown,N,Desconocido,33.0
578,2005,south africa,M,Unknown,N,Desconocido,32.0
579,2005,usa,M,Unknown,N,Tiger,47.0
580,2005,australia,M,Unknown,N,Desconocido,25.0
581,2005,australia,M,Unknown,N,Desconocido,40.0
582,2005,south africa,M,Unknown,N,Desconocido,32.0
583,2005,australia,M,Unknown,N,white,26.0
584,2005,usa,M,Unknown,N,Tiger,45.0
585,2005,new zealand,M,Unknown,N,white,39.0
586,2004,australia,M,Unknown,N,white,18.0
587,2004,australia,M,Unknown,N,Bull,38.0
588,2004,south africa,M,Unknown,N,Desconocido,20.0
589,2004,south africa,F,Unknown,N,white,29.22721088435374
590,2004,usa,lli,Unknown,N,white,38.0
591,2004,cuba,M,Unknown,N,Bull,40.0
592,2004,south africa,M,Unknown,N,white,52.0
593,2004,australia,M,Unknown,N,Desconocido,59.0
594,2004,usa,M,Unknown,N,Tiger,34.0
595,2004,south africa,M,Unknown,N,Desconocido,34.0
596,2004,reunion,M,Unknown,N,Tiger,15.0
597,2004,usa,M,Unknown,N,white,26.0
598,2004,usa,F,Unknown,N,Desconocido,17.0
599,2004,brazil,M,Unknown,N,Tiger,24.0
600,2004,usa,M,Unknown,N,white,50.0
601,2004,usa,M,Unknown,N,Desconocido,47.0
602,2004,usa,F,Unknown,N,Desconocido,13.0
603,2004,usa,F,Unknown,N,Desconocido,19.0
604,2004,usa,M,Unknown,N,Bull,11.0
605,2004,australia,M,Unknown,N,Desconocido,30.0
606,2004,usa,M,Unknown,N,Desconocido,
607,2004,usa,M,Unknown,N,white,45.0
608,2004,australia,M,Unknown,N,Desconocido,17.0
609,2004,usa,M,Unknown,N,Desconocido,
610,2004,south africa,M,Unknown,N,white,21.0
611,2004,usa,M,Unknown,N,Desconocido,16.0
612,2004,brazil,M,Unknown,N,Bull,17.0
613,2004,usa,M,Unknown,N,Desconocido,44.0
614,2004,bahamas,M,Unknown,N,Desconocido,63.0
615,2004,usa,M,Unknown,N,Desconocido,28.0
616,2004,usa,M,Unknown,N,Tiger,57.0
617,2004,south africa,M,Unknown,N,white,16.0
618,2004,usa,M,Unknown,N,Bull,20.0
619,2004,brazil,M,Unknown,N,Bull,22.0
620,2004,reunion,M,Unknown,N,Desconocido,20.0
621,2004,usa,M,Unknown,N,Tiger,51.0
622,2004,new zealand,M,Unknown,N,Desconocido,15.0
623,2004,australia,M,Unknown,N,Desconocido,31.0
624,2004,australia,M,Unknown,N,white,46.0
625,2004,venezuela,M,Unknown,N,Bull,40.0
626,2003,south africa,M,Unknown,N,Tiger,21.0
627,2003,usa,F,Unknown,N,Desconocido,35.0
628,2003,usa,M,Unknown,N,Desconocido,18.0
629,2003,australia,M,Unknown,N,Grey,22.0
630,2003,usa,F,Unknown,N,Tiger,13.0
631,2003,usa,M,Unknown,N,Desconocido,56.0
632,2003,usa,M,Unknown,N,Desconocido,19.0
633,2003,usa,F,Unknown,N,Grey,41.0
634,2003,usa,M,Unknown,N,Desconocido,30.0
635,2003,usa,F,Unknown,N,Desconocido,10.0
636,2003,usa,M,Unknown,N,Desconocido,18.0
637,2003,usa,M,Unknown,N,Desconocido,15.0
638,2003,south africa,M,Unknown,N,white,19.0
639,2003,usa,F,Unknown,N,white,50.0
640,2003,usa,M,Unknown,N,Desconocido,31.0
641,2003,south africa,M,Unknown,N,white,16.0
642,2003,bahamas,M,Unknown,N,Desconocido,58.0
643,2003,usa,M,Unknown,N,Desconocido,10.0
644,2003,bahamas,M,Unknown,N,Bull,39.0
645,2003,usa,M,Unknown,N,Desconocido,17.0
646,2003,usa,M,Unknown,N,Desconocido,15.0
647,2003,usa,F,Unknown,N,Desconocido,12.0
648,2003,usa,M,Unknown,N,Desconocido,60.0
649,2003,usa,M,Unknown,N,Desconocido,33.0
650,2003,usa,M,Unknown,N,Desconocido,22.0
651,2003,usa,M,Unknown,N,Grey,20.0
652,2003,usa,M,Unknown,N,Desconocido,34.0
653,2003,brazil,M,Unknown,N,Bull,17.0
654,2003,usa,M,Unknown,N,Desconocido,36.0
656,2003,usa,M,Unknown,N,Desconocido,30.0
657,2003,usa,M,Unknown,N,Desconocido,23.0
658,2003,usa,M,Unknown,N,Desconocido,18.0
659,2003,usa,M,Unknown,N,Desconocido,11.0
660,2003,usa,M,Unknown,N,Desconocido,12.0
661,2003,usa,M,Unknown,N,Desconocido,20.0
662,2003,venezuela,M,Unknown,N,Desconocido,28.0
663,2003,usa,M,Unknown,N,Desconocido,50.0
664,2003,new zealand,M,Unknown,N,white,44.0
665,2003,australia,M,Unknown,N,Desconocido,37.0
666,2003,usa,M,Unknown,N,Desconocido,54.0
667,2003,australia,M,Unknown,N,Grey,24.0
668,2003,australia,M,Unknown,N,Bull,29.22721088435374
669,2003,south africa,M,Unknown,N,Desconocido,14.0
670,2002,south africa,M,Unknown,N,white,25.0
671,2002,australia,M,Unknown,N,Bull,23.0
672,2002,usa,M,Unknown,N,white,48.0
673,2002,usa,F,Unknown,N,Grey,34.0
674,2002,turks & caicos,F,Unknown,N,Desconocido,41.0
675,2002,usa,M,Unknown,N,Desconocido,21.0
676,2002,usa,M,Unknown,N,Desconocido,16.0
677,2002,usa,F,Unknown,N,Desconocido,60.0
678,2002,brazil,M,Unknown,N,Tiger,36.0
679,2002,usa,M,Unknown,N,Desconocido,14.0
680,2002,usa,M,Unknown,N,Desconocido,35.0
681,2002,usa,M,Unknown,N,Desconocido,18.0
682,2002,usa,M,Unknown,N,Desconocido,47.0
683,2002,usa,M,Unknown,N,Desconocido,55.0
684,2002,usa,M,Unknown,N,Desconocido,
685,2002,tonga,M,Unknown,N,Tiger,
686,2002,usa,M,Unknown,N,Desconocido,24.0
687,2002,usa,M,Unknown,N,Desconocido,35.0
688,2002,brazil,M,Unknown,N,Tiger,19.0
689,2002,south africa,M,Unknown,N,white,47.0
690,2002,usa,M,Unknown,N,Desconocido,20.0
691,2002,usa,M,Unknown,N,Desconocido,36.0
692,2002,usa,M,Unknown,N,Tiger,16.0
693,2002,usa,M,Unknown,N,Desconocido,27.0
694,2002,usa,M,Unknown,N,Desconocido,15.0
695,2002,usa,M,Unknown,N,Desconocido,14.0
696,2002,usa,M,Unknown,N,Desconocido,13.0
697,2002,usa,F,Unknown,N,Bull,15.0
698,2002,usa,M,Unknown,N,Desconocido,41.0
699,2002,brazil,M,Unknown,N,Tiger,22.0
700,2002,usa,F,Unknown,N,Bull,
701,2002,usa,M,Unknown,N,Desconocido,28.0
702,2002,usa,M,Unknown,N,Desconocido,50.0
703,2002,south africa,M,Unknown,N,Desconocido,50.0
704,2002,usa,M,Unknown,N,white,24.0
705,2002,usa,M,Unknown,N,Desconocido,16.0
706,2002,usa,M,Unknown,N,Desconocido,55.0
707,2002,australia,M,Unknown,N,white,23.0
708,2002,usa,M,Unknown,N,Desconocido,34.0
709,2002,bahamas,M,Unknown,N,Bull,43.0
710,2002,usa,M,Unknown,N,Desconocido,41.0
711,2002,usa,M,Unknown,N,Desconocido,29.0
712,2002,usa,M,Unknown,N,Tiger,17.0
713,2002,usa,F,Unknown,N,Desconocido,11.0
714,2002,usa,M,Unknown,N,Desconocido,20.0
715,2002,usa,M,Unknown,N,Desconocido,39.0
716,2002,usa,M,Unknown,N,Desconocido,31.0
717,2002,australia,M,Unknown,N,Desconocido,30.0
718,2002,australia,M,Unknown,N,Desconocido,35.0
719,2002,australia,M,Unknown,N,Tiger,20.0
720,2002,south africa,M,Unknown,N,Desconocido,16.0
721,2002,south africa,M,Unknown,N,Desconocido,26.0
722,2002,usa,M,Unknown,N,Tiger,35.0
723,2001,australia,F,Unknown,N,Desconocido,20.0
724,2001,mexico,M,Unknown,N,Tiger,26.0
725,2001,usa,M,Unknown,N,Desconocido,21.0
726,2001,usa,M,Unknown,N,Desconocido,42.0
727,2001,usa,M,Unknown,N,Desconocido,
728,2001,usa,M,Unknown,N,white,28.0
729,2001,usa,F,Unknown,N,white,23.0
730,2001,usa,M,Unknown,N,Desconocido,20.0
731,2001,usa,M,Unknown,N,Bull,10.0
732,2001,bahamas,M,Unknown,N,Bull,44.0
733,2001,usa,M,Unknown,N,Desconocido,17.0
734,2001,usa,M,Unknown,N,Desconocido,20.0
735,2001,usa,M,Unknown,N,Desconocido,19.0
736,2001,usa,M,Unknown,N,Desconocido,19.0
737,2001,bahamas,M,Unknown,N,Bull,43.0
738,2001,usa,M,Unknown,N,Desconocido,18.0
739,2001,usa,M,Unknown,N,Bull,
740,2001,usa,M,Unknown,N,white,52.0
741,2001,usa,F,Unknown,N,Desconocido,29.0
742,2001,usa,M,Unknown,N,Desconocido,45.0
743,2001,usa,M,Unknown,N,Desconocido,12.0
744,2001,usa,M,Unknown,N,Desconocido,21.0
746,2001,usa,M,Unknown,N,Desconocido,22.0
747,2001,usa,M,Unknown,N,Desconocido,19.0
748,2001,south africa,M,Unknown,N,white,46.0
749,2001,usa,M,Unknown,N,Desconocido,26.0
750,2001,australia,M,Unknown,N,Desconocido,40.0
751,2001,australia,M,Unknown,N,Desconocido,40.0
752,2000,fiji,M,Unknown,N,Desconocido,47.0
753,2000,australia,M,Unknown,N,Desconocido,38.0
754,2000,usa,M,Unknown,N,Desconocido,29.22721088435374
755,2000,australia,M,Unknown,N,white,52.0
756,2000,australia,M,Unknown,N,white,49.0
757,2000,usa,M,Unknown,N,white,27.0
758,2000,usa,F,Unknown,N,Tiger,56.0
759,2000,usa,M,Unknown,N,Desconocido,17.0
760,2000,usa,M,Unknown,N,Desconocido,23.0
761,2000,australia,M,Unknown,N,white,17.0
762,2000,australia,M,Unknown,N,white,25.0
763,2000,okinawa,M,Unknown,N,white,31.0
764,2000,usa,M,Unknown,N,Desconocido,25.0
765,2000,south africa,M,Unknown,N,white,48.0
766,2000,usa,M,Unknown,N,Desconocido,40.0
767,2000,reunion,M,Unknown,N,Tiger,27.0
768,2000,usa,M,Unknown,N,Desconocido,47.0
769,2000,usa,M,Unknown,N,Bull,29.22721088435374
770,2000,usa,M,Unknown,N,Tiger,53.0
771,2000,usa,M,Unknown,N,Desconocido,27.0
772,2000,usa,F,Unknown,N,Desconocido,44.0
773,2000,usa,F,Unknown,N,Tiger,12.0
774,2000,usa,F,Unknown,N,Desconocido,55.0
775,2000,usa,F,Unknown,N,Desconocido,13.0
776,2000,usa,F,Unknown,N,Desconocido,19.0
777,2000,usa,M,Unknown,N,Desconocido,17.0
778,2000,usa,M,Unknown,N,Bull,55.0
779,2000,usa,M,Unknown,N,Bull,44.0
780,2000,australia,M,Unknown,N,Desconocido,26.0
781,2000,usa,F,Unknown,N,Desconocido,14.0
782,2000,usa,M,Unknown,N,Desconocido,37.0
783,2000,new caledonia,M,Unknown,N,Tiger,35.0
784,2000,usa,M,Unknown,N,Desconocido,39.0
785,1999,brazil,M,Unknown,N,Desconocido,39.0
786,1999,usa,F,Unknown,N,Tiger,51.0
787,1999,brazil,M,Unknown,N,Desconocido,39.0
788,1999,usa,M,Unknown,N,Tiger,16.0
789,1999,usa,M,Unknown,N,white,37.0
790,1999,usa,M,Unknown,N,Desconocido,28.0
791,1999,marshall islands,M,Unknown,N,Desconocido,23.0
792,1999,usa,M,Unknown,N,Desconocido,10.0
793,1999,usa,M,Unknown,N,Desconocido,62.0
794,1999,bahamas,M,Unknown,N,Bull,35.0
795,1999,south africa,M,Unknown,N,white,42.0
796,1999,usa,M,Unknown,N,Bull,43.0
797,1999,usa,M,Unknown,N,Tiger,43.0
798,1999,south africa,M,Unknown,N,white,14.0
799,1999,usa,F,Unknown,N,Desconocido,30.0
800,1999,south africa,M,Unknown,N,white,29.0
801,1999,usa,M,Unknown,N,Desconocido,21.0
802,1999,usa,M,Unknown,N,Desconocido,
803,1999,australia,M,Unknown,N,white,22.0
804,1999,brazil,M,Unknown,N,Tiger,21.0
805,1999,mauritius,F,Unknown,N,Grey,41.0
806,1999,reunion,M,Unknown,N,Bull,52.0
807,1999,usa,F,Unknown,N,Desconocido,29.0
808,1999,australia,M,Unknown,N,Tiger,35.0
809,1999,usa,M,Unknown,N,Desconocido,25.0
810,1999,south africa,M,Unknown,N,white,30.0
811,1998,south africa,M,Unknown,N,white,18.0
812,1998,usa,M,Unknown,N,Tiger,
813,1998,usa,M,Unknown,N,Desconocido,14.0
814,1998,usa,M,Unknown,N,Desconocido,13.0
815,1998,brazil,M,Unknown,N,white,22.0
816,1998,usa,M,Unknown,N,Desconocido,26.0
817,1998,usa,M,Unknown,N,white,16.0
818,1998,bahamas,M,Unknown,N,Desconocido,28.0
819,1998,south africa,M,Unknown,N,white,24.0
820,1998,south africa,M,Unknown,N,Desconocido,16.0
821,1998,australia,M,Unknown,N,white,26.0
822,1998,south africa,M,Unknown,N,white,20.0
823,1998,south africa,M,Unknown,N,white,15.0
824,1998,south africa,M,Unknown,N,Desconocido,16.0
825,1998,usa,M,Unknown,N,Lemon,40.0
826,1998,usa,F,Unknown,N,Desconocido,14.0
827,1998,south africa,M,Unknown,N,white,22.0
828,1998,mozambique,F,Unknown,N,Desconocido,35.0
829,1998,usa,M,Unknown,N,white,50.0
830,1998,south africa,M,Unknown,N,white,33.0
831,1998,usa,M,Unknown,N,Desconocido,32.0
832,1998,australia,M,Unknown,N,Desconocido,31.0
833,1998,mozambique,M,Unknown,N,Desconocido,23.0
834,1997,south africa,M,Unknown,N,white,39.0
835,1997,australia,M,Unknown,N,white,42.0
836,1997,usa,M,Unknown,N,Tiger,19.0
837,1997,usa,M,Unknown,N,Desconocido,23.0
838,1997,usa,M,Unknown,N,Desconocido,12.0
839,1997,usa,M,Unknown,N,white,29.0
840,1997,usa,M,Unknown,N,Desconocido,17.0
841,1997,usa,M,Unknown,N,Desconocido,19.0
842,1997,south africa,M,Unknown,N,white,25.0
843,1997,usa,M,Unknown,N,Desconocido,50.0
844,1997,fiji,F,Unknown,N,Tiger,47.0
845,1997,usa,M,Unknown,N,Desconocido,18.0
846,1997,usa,M,Unknown,N,Desconocido,33.0
847,1997,usa,M,Unknown,N,Desconocido,35.0
848,1997,usa,M,Unknown,N,Desconocido,34.0
849,1997,usa,M,Unknown,N,Desconocido,12.0
850,1997,australia,M,Unknown,N,Tiger,30.0
851,1997,australia,M,Unknown,N,Desconocido,27.0
852,1997,australia,M,Unknown,N,Tiger,41.0
853,1996,usa,M,Unknown,N,white,45.0
854,1996,usa,M,Unknown,N,white,22.0
855,1996,usa,M,Unknown,N,Desconocido,21.0
856,1996,usa,M,Unknown,N,white,31.0
857,1996,new zealand,M,Unknown,N,white,23.0
858,1996,usa,M,Unknown,N,Desconocido,19.0
859,1996,usa,F,Unknown,N,Desconocido,28.0
860,1996,south africa,M,Unknown,N,white,29.0
861,1996,usa,M,Unknown,N,Tiger,19.0
862,1996,usa,M,Unknown,N,white,36.0
863,1996,usa,M,Unknown,N,Desconocido,21.0
864,1996,usa,F,Unknown,N,Desconocido,63.0
865,1996,south africa,M,Unknown,N,white,17.0
866,1996,usa,M,Unknown,N,Desconocido,22.0
867,1996,usa,M,Unknown,N,Desconocido,27.0
868,1996,australia,F,Unknown,N,Tiger,47.0
869,1996,australia,M,Unknown,N,Desconocido,24.0
870,1996,australia,M,Unknown,N,Desconocido,
871,1996,usa,M,Unknown,N,Tiger,53.0
872,1996,reunion,M,Unknown,N,Tiger,25.0
873,1995,australia,F,Unknown,N,Desconocido,15.0
874,1995,usa,M,Unknown,N,Desconocido,39.0
875,1995,usa,M,Unknown,N,Desconocido,14.0
876,1995,usa,M,Unknown,N,white,25.0
877,1995,australia,M,Unknown,N,white,29.0
878,1995,usa,M,Unknown,N,white,32.0
879,1995,usa,M,Unknown,N,Desconocido,16.0
880,1995,usa,M,Unknown,N,Desconocido,18.0
881,1995,usa,M,Unknown,N,Desconocido,16.0
882,1995,usa,M,Unknown,N,Desconocido,23.0
883,1995,usa,M,Unknown,N,Desconocido,19.0
884,1995,tonga,M,Unknown,N,Desconocido,18.0
885,1995,usa,M,Unknown,N,Desconocido,20.0
886,1995,usa,M,Unknown,N,Desconocido,12.0
887,1995,usa,M,Unknown,N,white,31.0
888,1995,usa,M,Unknown,N,Desconocido,45.0
889,1995,usa,F,Unknown,N,Desconocido,10.0
890,1995,usa,M,Unknown,N,Tiger,38.0
891,1995,hong kong,M,Unknown,N,Desconocido,29.0
892,1995,japan,M,Unknown,N,white,47.0
893,1995,australia,M,Unknown,N,Desconocido,35.0
894,1995,south africa,M,Unknown,N,Desconocido,22.0
895,1995,south africa,M,Unknown,N,Tiger,14.0
896,1994,south africa,M,Unknown,N,white,26.0
897,1994,usa,M,Unknown,N,white,42.0
898,1994,usa,F,Unknown,N,Desconocido,34.0
899,1994,usa,F,Unknown,N,Desconocido,
900,1994,usa,M,Unknown,N,white,43.0
901,1994,usa,F,Unknown,N,Desconocido,12.0
902,1994,reunion,M,Unknown,N,Bull,24.0
903,1994,south africa,M,Unknown,N,white,22.0
904,1994,south africa,M,Unknown,N,white,31.0
905,1994,usa,M,Unknown,N,Desconocido,15.0
906,1994,bahamas,M,Unknown,N,Desconocido,30.0
907,1994,usa,M,Unknown,N,Desconocido,28.0
908,1994,usa,M,Unknown,N,Desconocido,22.0
909,1994,usa,M,Unknown,N,Desconocido,23.0
910,1994,south africa,M,Unknown,N,white,15.0
911,1994,south africa,M,Unknown,N,Desconocido,33.0
912,1993,australia,M,Unknown,N,Tiger,27.0
913,1993,usa,M,Unknown,N,white,26.0
914,1993,usa,F,Unknown,N,Bull,26.0
915,1993,usa,F,Unknown,N,white,34.0
916,1993,south africa,M,Unknown,N,white,36.0
917,1993,spain,M,Unknown,N,Desconocido,29.22721088435374
918,1993,bahamas,M,Unknown,N,Desconocido,51.0
919,1993,usa,F,Unknown,N,Bull,19.0
920,1993,usa,M,Unknown,N,white,39.0
921,1993,south africa,M,Unknown,N,white,28.0
922,1993,usa,F,Unknown,N,Desconocido,12.0
923,1993,usa,M,Unknown,N,Tiger,22.0
924,1993,australia,M,Unknown,N,white,31.0
925,1993,australia,F,Unknown,N,white,34.0
926,1993,usa,F,Unknown,N,Desconocido,60.0
927,1993,usa,M,Unknown,N,Tiger,35.0
928,1993,usa,M,Unknown,N,white,55.0
929,1993,australia,M,Unknown,N,Desconocido,29.22721088435374
930,1993,australia,M,Unknown,N,Desconocido,21.0
931,1993,usa,M,Unknown,N,white,29.0
932,1992,usa,M,Unknown,N,Tiger,10.0
933,1992,usa,M,Unknown,N,Tiger,30.0
934,1992,usa,M,Unknown,N,Desconocido,31.0
935,1992,usa,M,Unknown,N,Desconocido,19.0
936,1992,usa,M,Unknown,N,white,46.0
937,1992,usa,M,Unknown,N,Desconocido,40.0
938,1992,usa,M,Unknown,N,Tiger,18.0
939,1992,usa,M,Unknown,N,white,40.0
940,1992,usa,M,Unknown,N,Tiger,28.0
941,1992,australia,M,Unknown,N,white,28.0
942,1992,usa,M,Unknown,N,white,20.0
943,1992,australia,M,Unknown,N,white,17.0
944,1992,usa,M,Unknown,N,white,22.0
945,1992,usa,F,Unknown,N,Desconocido,42.0
946,1992,reunion,M,Unknown,N,Lemon,16.0
947,1992,south africa,M,Unknown,N,Desconocido,35.0
948,1992,usa,F,Unknown,N,Tiger,36.0
949,1992,japan,M,Unknown,N,white,41.0
950,1992,usa,M,Unknown,N,white,21.0
951,1992,australia,M,Unknown,N,Desconocido,19.0
952,1992,australia,M,Unknown,N,Desconocido,19.0
953,1992,south africa,M,Unknown,N,Desconocido,19.0
954,1992,south africa,M,Unknown,N,Desconocido,36.0
955,1991,usa,M,Unknown,N,white,25.0
956,1991,usa,F,Unknown,N,Tiger,41.0
957,1991,usa,M,Unknown,N,Desconocido,21.0
958,1991,usa,M,Unknown,N,white,32.0
959,1991,australia,M,Unknown,N,white,19.0
960,1991,australia,M,Unknown,N,Desconocido,36.0
961,1991,usa,M,Unknown,N,Desconocido,23.0
962,1991,usa,F,Unknown,N,Desconocido,10.0
963,1991,italy,F,Unknown,N,white,40.0
964,1991,reunion,M,Unknown,N,Tiger,30.0
965,1991,usa,M,Unknown,N,white,32.0
966,1991,usa,M,Unknown,N,Lemon,31.0
967,1991,hong kong,F,Unknown,N,Tiger,29.22721088435374
968,1991,usa,M,Unknown,N,Desconocido,23.0
969,1991,usa,M,Unknown,N,Desconocido,22.0
970,1991,usa,M,Unknown,N,white,38.0
971,1991,south africa,M,Unknown,N,white,20.0
972,1990,usa,M,Unknown,N,Desconocido,24.0
973,1990,usa,M,Unknown,N,Desconocido,50.0
974,1990,usa,M,Unknown,N,Desconocido,25.0
975,1990,usa,M,Unknown,N,Tiger,43.0
976,1990,usa,M,Unknown,N,Desconocido,19.0
977,1990,south africa,M,Unknown,N,white,26.0
978,1990,usa,M,Unknown,N,white,49.0
979,1990,usa,M,Unknown,N,white,44.0
980,1990,usa,M,Unknown,N,white,22.0
981,1990,south africa,F,Unknown,N,white,21.0
982,1990,south africa,M,Unknown,N,white,22.0
983,1990,south africa,M,Unknown,N,white,23.0
984,1990,australia,M,Unknown,N,Tiger,31.0
985,1989,south africa,M,Unknown,N,white,29.0
986,1989,australia,M,Unknown,N,white,17.0
987,1989,usa,M,Unknown,N,Desconocido,12.0
988,1989,usa,M,Unknown,N,Desconocido,49.0
989,1989,south africa,M,Unknown,N,white,29.0
990,1989,usa,M,Unknown,N,Desconocido,51.0
991,1989,usa,M,Unknown,N,white,38.0
992,1989,australia,M,Unknown,N,Grey,30.0
993,1989,south africa,M,Unknown,N,white,21.0
994,1989,australia,M,Unknown,N,Desconocido,17.0
995,1989,south africa,M,Unknown,N,white,34.0
996,1989,south africa,M,Unknown,N,white,16.0
997,1989,south africa,M,Unknown,N,white,28.0
998,1989,australia,M,Unknown,N,white,27.0
999,1989,italy,M,Unknown,N,white,47.0
1000,1989,usa,M,Unknown,N,Desconocido,24.0
1001,1989,usa,F,Unknown,N,white,24.0
1002,1989,australia,M,Unknown,N,Tiger,17.0
1003,1988,usa,M,Unknown,N,white,21.0
1004,1988,usa,M,Unknown,N,Desconocido,30.0
1005,1988,usa,M,Unknown,N,Desconocido,23.0
1006,1988,usa,M,Unknown,N,Desconocido,21.0
1007,1988,usa,M,Unknown,N,Bull,38.0
1008,1988,usa,M,Unknown,N,white,27.0
1009,1988,south africa,M,Unknown,N,white,36.0
1010,1988,usa,M,Unknown,N,Desconocido,37.0
1011,1988,usa,M,Unknown,N,Desconocido,25.0
1012,1988,south africa,M,Unknown,N,Desconocido,17.0
1013,1988,south africa,M,Unknown,N,Grey,20.0
1014,1988,south africa,F,Unknown,N,Desconocido,15.0
1015,1988,south africa,M,Unknown,N,Desconocido,22.0
1016,1988,south africa,M,Unknown,N,Desconocido,33.0
1017,1987,usa,M,Unknown,N,Desconocido,16.0
1018,1987,usa,M,Unknown,N,Desconocido,20.0
1019,1987,south africa,M,Unknown,N,Desconocido,14.0
1020,1987,south africa,M,Unknown,N,white,21.0
1021,1987,south africa,M,Unknown,N,white,24.0
1022,1987,usa,M,Unknown,N,Desconocido,12.0
1023,1987,usa,M,Unknown,N,white,40.0
1024,1987,usa,M,Unknown,N,Desconocido,27.0
1025,1987,usa,F,Unknown,N,Desconocido,32.0
1026,1987,usa,F,Unknown,N,Desconocido,16.0
1027,1987,vanuatu,M,Unknown,N,Desconocido,
1028,1987,south africa,M,Unknown,N,white,30.0
1029,1986,south africa,M,Unknown,N,white,21.0
1030,1986,usa,M,Unknown,N,Desconocido,40.0
1031,1986,usa,M,Unknown,N,white,27.0
1032,1986,usa,F,Unknown,N,Lemon,
1033,1986,south africa,M,Unknown,N,Desconocido,32.0
1034,1986,south africa,M,Unknown,N,Desconocido,35.0
1035,1986,south africa,M,Unknown,N,Desconocido,26.0
1036,1986,south africa,M,Unknown,N,Desconocido,26.0
1037,1986,south africa,M,Unknown,N,white,21.0
1038,1986,south africa,M,Unknown,N,Desconocido,46.0
1039,1986,south africa,M,Unknown,N,Desconocido,29.0
1040,1986,australia,M,Unknown,N,Desconocido,29.0
1041,1986,usa,M,Unknown,N,Desconocido,22.0
1042,1986,usa,M,Unknown,N,Desconocido,16.0
1043,1985,south africa,M,Unknown,N,white,22.0
1044,1985,usa,M,Unknown,N,Desconocido,46.0
1045,1985,usa,M,Unknown,N,Desconocido,17.0
1046,1985,usa,M,Unknown,N,Desconocido,11.0
1047,1985,usa,M,Unknown,N,Desconocido,29.22721088435374
1048,1985,usa,F,Unknown,N,Desconocido,13.0
1049,1985,italy,M,Unknown,N,white,13.0
1050,1985,australia,F,Unknown,N,white,33.0
1051,1985,usa,M,Unknown,N,white,29.0
1052,1985,south africa,M,Unknown,N,Desconocido,15.0
1053,1985,south africa,M,Unknown,N,white,18.0
1054,1985,south africa,M,Unknown,N,white,34.0
1055,1985,south africa,M,Unknown,N,Desconocido,20.0
1056,1984,australia,M,Unknown,N,Tiger,16.0
1057,1984,usa,M,Unknown,N,Desconocido,22.0
1058,1984,usa,F,Unknown,N,Desconocido,23.0
1059,1984,usa,F,Unknown,N,Desconocido,29.22721088435374
1060,1984,usa,M,Unknown,N,Desconocido,15.0
1061,1984,usa,M,Unknown,N,white,25.0
1062,1984,usa,M,Unknown,N,Desconocido,16.0
1063,1984,usa,M,Unknown,N,white,28.0
1064,1984,usa,F,Unknown,N,Desconocido,18.0
1065,1984,south africa,M,Unknown,N,Desconocido,21.0
1066,1984,south africa,M,Unknown,N,white,27.0
1067,1984,usa,F,Unknown,N,Desconocido,13.0
1068,1984,south africa,M,Unknown,N,Desconocido,33.0
1069,1984,south africa,M,Unknown,N,Desconocido,14.0
1070,1983,south africa,M,Unknown,N,Desconocido,47.0
1071,1983,south africa,M,Unknown,N,white,29.0
1072,1983,usa,F,Unknown,N,Desconocido,14.0
1073,1983,usa,F,Unknown,N,Bull,22.0
1074,1983,australia,F,Unknown,N,Tiger,21.0
1075,1983,australia,M,Unknown,N,Tiger,24.0
1076,1983,australia,M,Unknown,N,Tiger,28.0
1077,1983,usa,F,Unknown,N,Desconocido,39.0
1078,1983,usa,M,Unknown,N,Desconocido,21.0
1079,1983,south africa,M,Unknown,N,Desconocido,27.0
1080,1983,south africa,M,Unknown,N,Desconocido,17.0
1081,1983,south africa,M,Unknown,N,Desconocido,16.0
1082,1983,south africa,M,Unknown,N,white,32.0
1083,1982,usa,M,Unknown,N,Desconocido,26.0
1084,1982,south africa,M,Unknown,N,white,16.0
1085,1982,usa,M,Unknown,N,Desconocido,20.0
1086,1982,usa,M,Unknown,N,white,36.0
1087,1982,usa,M,Unknown,N,white,28.0
1088,1982,usa,M,Unknown,N,Desconocido,17.0
1089,1982,south africa,M,Unknown,N,Desconocido,20.0
1090,1982,south africa,M,Unknown,N,white,38.0
1091,1982,usa,M,Unknown,N,white,26.0
1092,1982,usa,M,Unknown,N,Desconocido,17.0
1093,1982,south africa,M,Unknown,N,white,27.0
1094,1982,usa,M,Unknown,N,Desconocido,20.0
1095,1982,south africa,M,Unknown,N,Desconocido,20.0
1096,1981,usa,M,Unknown,N,white,24.0
1097,1981,usa,M,Unknown,N,Desconocido,19.0
1098,1981,usa,M,Unknown,N,Tiger,26.0
1099,1981,bahamas,M,Unknown,N,Desconocido,53.0
1100,1981,south africa,M,Unknown,N,Desconocido,32.0
1101,1981,south korea,F,Unknown,N,white,27.0
1102,1981,south africa,M,Unknown,N,Desconocido,27.0
1103,1981,south africa,M,Unknown,N,Desconocido,19.0
1104,1981,south africa,M,Unknown,N,Tiger,24.0
1105,1981,usa,M,Unknown,N,Bull,19.0
1106,1981,usa,M,Unknown,N,Desconocido,24.0
1107,1981,south africa,M,Unknown,N,Desconocido,30.0
1108,1981,usa,M,Unknown,N,Desconocido,15.0
1109,1981,australia,M,Unknown,N,Tiger,27.0
1110,1980,south africa,M,Unknown,N,Desconocido,25.0
1111,1980,reunion,M,Unknown,N,white,22.0
1112,1980,usa,M,Unknown,N,white,29.0
1113,1980,usa,M,Unknown,N,white,19.0
1114,1980,usa,F,Unknown,N,Desconocido,22.0
1115,1980,south africa,M,Unknown,N,Desconocido,22.0
1116,1980,mexico,F,Unknown,N,Tiger,13.0
1117,1980,south africa,M,Unknown,N,white,24.0
1118,1980,south africa,M,Unknown,N,Desconocido,29.0
1119,1980,south africa,M,Unknown,N,Desconocido,25.0
1120,1980,south africa,M,Unknown,N,Desconocido,20.0
1121,1979,usa,M,Unknown,N,white,20.0
1122,1979,south africa,M,Unknown,N,white,25.0
1123,1979,usa,M,Unknown,N,Desconocido,27.0
1124,1979,south africa,M,Unknown,N,Desconocido,19.0
1125,1978,south africa,M,Unknown,N,white,23.0
1126,1978,south africa,M,Unknown,N,white,27.0
1127,1978,south africa,M,Unknown,N,Desconocido,17.0
1128,1977,south africa,M,Unknown,N,Tiger,18.0
1129,1977,south africa,M,Unknown,N,white,25.0
1130,1977,australia,M,Unknown,N,white,17.0
1131,1977,usa,M,Unknown,N,white,20.0
1132,1977,usa,M,Unknown,N,Bull,27.0
1133,1976,usa,M,Unknown,N,white,29.0
1134,1976,south africa,M,Unknown,N,white,19.0
1135,1976,usa,M,Unknown,N,Lemon,19.0
1136,1976,usa,M,Unknown,N,white,25.0
1137,1976,south africa,M,Unknown,N,white,20.0
1138,1976,usa,M,Unknown,N,Tiger,15.0
1139,1976,usa,M,Unknown,N,white,19.0
1140,1976,usa,M,Unknown,N,Desconocido,17.0
1141,1975,usa,M,Unknown,N,white,27.0
1142,1975,south africa,M,Unknown,N,Desconocido,33.0
1143,1975,south africa,M,Unknown,N,white,19.0
1144,1975,usa,M,Unknown,N,Desconocido,20.0
1145,1975,usa,M,Unknown,N,white,44.0
1146,1975,australia,M,Unknown,N,white,37.0
1147,1975,usa,M,Unknown,N,white,23.0
1148,1975,usa,M,Unknown,N,white,34.0
1149,1975,usa,F,Unknown,N,Desconocido,14.0
1150,1975,usa,M,Unknown,N,Desconocido,18.0
1151,1975,south africa,M,Unknown,N,Desconocido,16.0
1152,1975,australia,M,Unknown,N,white,12.0
1153,1974,usa,M,Unknown,N,white,17.0
1154,1974,usa,M,Unknown,N,white,29.0
1155,1974,israel,F,Unknown,N,Desconocido,20.0
1156,1974,usa,M,Unknown,N,white,41.0
1157,1974,usa,M,Unknown,N,white,48.0
1158,1974,usa,M,Unknown,N,white,24.0
1159,1974,usa,M,Unknown,N,white,45.0
1160,1974,south africa,M,Unknown,N,Desconocido,22.0
1161,1974,south africa,M,Unknown,N,Desconocido,17.0
1162,1974,south africa,M,Unknown,N,Desconocido,21.0
1163,1974,south africa,M,Unknown,N,Desconocido,33.0
1164,1973,bahamas,M,Unknown,N,Bull,11.0
1165,1973,mexico,M,Unknown,N,white,37.0
1166,1973,south africa,M,Unknown,N,Desconocido,26.0
1167,1972,mozambique,M,Unknown,N,Desconocido,25.0
1168,1972,usa,M,Unknown,N,Desconocido,22.0
1169,1972,usa,M,Unknown,N,white,32.0
1170,1972,australia,M,Unknown,N,Desconocido,18.0
1171,1972,south africa,F,Unknown,N,Desconocido,30.0
1172,1972,mozambique,M,Unknown,N,white,24.0
1173,1971,south africa,F,Unknown,N,white,16.0
1174,1971,usa,M,Unknown,N,Desconocido,18.0
1175,1971,south africa,M,Unknown,N,Desconocido,25.0
1176,1971,usa,M,Unknown,N,white,30.0
1177,1971,croatia,M,Unknown,N,white,34.0
1178,1971,australia,M,Unknown,N,Grey,26.0
1179,1971,south africa,M,Unknown,N,white,21.0
1180,1971,south africa,M,Unknown,N,white,50.0
1181,1971,new zealand,M,Unknown,N,white,16.0
1182,1970,micronesia,M,Unknown,N,Desconocido,43.0
1183,1970,south africa,M,Unknown,N,Desconocido,25.0
1184,1969,usa,M,Unknown,N,white,53.0
1185,1969,usa,M,Unknown,N,Desconocido,13.0
1186,1969,usa,M,Unknown,N,Desconocido,23.0
1187,1969,usa,M,Unknown,N,white,16.0
1188,1969,australia,M,Unknown,N,Desconocido,49.0
1189,1968,australia,M,Unknown,N,Grey,27.0
1190,1968,new zealand,M,Unknown,N,white,17.0
1191,1968,new zealand,M,Unknown,N,white,24.0
1192,1968,columbia,M,Unknown,N,Desconocido,18.0
1193,1968,usa,M,Unknown,N,white,25.0
1194,1968,usa,M,Unknown,N,Desconocido,33.0
1195,1968,usa,M,Unknown,N,Desconocido,63.0
1196,1968,south africa,M,Unknown,N,Desconocido,35.0
1197,1968,usa,M,Unknown,N,Desconocido,28.0
1198,1968,australia,M,Unknown,N,Desconocido,26.0
1199,1967,south africa,M,Unknown,N,Desconocido,22.0
1200,1967,usa,M,Unknown,N,Desconocido,19.0
1201,1967,usa,M,Unknown,N,Desconocido,24.0
1202,1967,australia,M,Unknown,N,white,23.0
1203,1967,australia,M,Unknown,N,Desconocido,19.0
1204,1967,usa,M,Unknown,N,Desconocido,15.0
1205,1967,bahamas,M,Unknown,N,Desconocido,41.0
1206,1967,usa,M,Unknown,N,Desconocido,26.0
1207,1967,south africa,M,Unknown,N,white,32.0
1208,1967,australia,M,Unknown,N,Grey,36.0
1209,1967,new zealand,M,Unknown,N,white,21.0
1210,1966,papua new guinea,F,Unknown,N,Desconocido,13.0
1211,1966,papua new guinea,F,Unknown,N,Desconocido,
1212,1966,australia,M,Unknown,N,Desconocido,32.0
1213,1966,australia,M,Unknown,N,Desconocido,43.0
1214,1966,new britain,F,Unknown,N,Desconocido,13.0
1215,1966,new britain,F,Unknown,N,Desconocido,
1216,1966,usa,M,Unknown,N,Desconocido,26.0
1217,1966,usa,M,Unknown,N,Desconocido,
1218,1966,usa,M,Unknown,N,Desconocido,34.0
1219,1966,usa,M,Unknown,N,Desconocido,46.0
1220,1966,usa,M,Unknown,N,Desconocido,15.0
1221,1966,usa,M,Unknown,N,Desconocido,18.0
1222,1966,usa,M,Unknown,N,Desconocido,18.0
1223,1966,usa,M,Unknown,N,Desconocido,24.0
1224,1966,australia,M,Unknown,N,white,13.0
1225,1966,south africa,M,Unknown,N,Desconocido,33.0
1226,1966,usa,M,Unknown,N,white,29.0
1227,1966,south africa,M,Unknown,N,Desconocido,16.0
1228,1966,south africa,M,Unknown,N,Desconocido,15.0
1229,1966,usa,M,Unknown,N,Desconocido,35.0
1230,1966,usa,F,Unknown,N,Desconocido,15.0
1231,1965,australia,M,Unknown,N,Grey,24.0
1232,1965,usa,M,Unknown,N,Desconocido,19.0
1233,1965,usa,M,Unknown,N,white,28.0
1234,1965,palau,M,Unknown,N,Tiger,
1235,1965,usa,M,Unknown,N,Desconocido,17.0
1236,1965,usa,M,Unknown,N,Desconocido,16.0
1237,1965,south africa,M,Unknown,N,Desconocido,25.0
1238,1965,usa,M,Unknown,N,Desconocido,18.0
1239,1965,south africa,M,Unknown,N,white,22.0
1240,1964,south africa,M,Unknown,N,Desconocido,19.0
1241,1964,papua new guinea,M,Unknown,N,Desconocido,28.0
1242,1964,australia,M,Unknown,N,white,25.0
1243,1964,australia,M,Unknown,N,Grey,19.0
1244,1964,taiwan,M,Unknown,N,Desconocido,20.0
1245,1964,mexico,M,Unknown,N,Desconocido,19.0
1246,1964,usa,M,Unknown,N,Desconocido,18.0
1247,1964,usa,M,Unknown,N,Desconocido,28.0
1248,1964,usa,F,Unknown,N,Desconocido,29.0
1249,1964,south africa,M,Unknown,N,Desconocido,40.0
1250,1964,fiji,M,Unknown,N,Tiger,35.0
1251,1964,usa,M,Unknown,N,Desconocido,38.0
1252,1964,new zealand,M,Unknown,N,white,26.0
1253,1964,south africa,M,Unknown,N,white,25.0
1254,1964,new zealand,M,Unknown,N,white,19.0
1255,1964,australia,M,Unknown,N,Desconocido,23.0
1256,1964,usa,M,Unknown,N,white,21.0
1257,1963,south africa,F,Unknown,N,Desconocido,20.0
1258,1963,south africa,M,Unknown,N,Desconocido,24.0
1259,1963,south africa,M,Unknown,N,Desconocido,13.0
1260,1963,south africa,M,Unknown,N,Desconocido,15.0
1261,1963,australia,M,Unknown,N,white,23.0
1262,1963,new zealand,M,Unknown,N,Desconocido,20.0
1263,1963,papua new guinea,F,Unknown,N,Tiger,18.0
1264,1963,fiji,F,Unknown,N,Tiger,21.0
1265,1963,palau,M,Unknown,N,Desconocido,35.0
1266,1963,usa,M,Unknown,N,Desconocido,28.0
1267,1963,solomon islands,M,Unknown,N,Desconocido,30.0
1268,1963,australia,M,Unknown,N,Desconocido,18.0
1269,1963,usa,M,Unknown,N,Desconocido,16.0
1270,1963,federated states of micronesia,M,Unknown,N,Tiger,26.0
1271,1963,greece,F,Unknown,N,white,42.0
1272,1963,papua new guinea,M,Unknown,N,Desconocido,30.0
1273,1963,usa,M,Unknown,N,Desconocido,25.0
1274,1963,usa,M,Unknown,N,Desconocido,15.0
1275,1963,australia,M,Unknown,N,Desconocido,18.0
1276,1963,fiji,M,Unknown,N,white,28.0
1277,1963,australia,F,Unknown,N,Bull,32.0
1278,1963,australia,M,Unknown,N,Desconocido,25.0
1279,1963,south africa,M,Unknown,N,Desconocido,27.0
1280,1963,south africa,M,Unknown,N,Desconocido,24.0
1281,1962,australia,M,Unknown,N,white,16.0
1282,1962,usa,M,Unknown,N,white,24.0
1283,1962,mexico,M,Unknown,N,Desconocido,32.0
1284,1962,british west indies,M,Unknown,N,Desconocido,24.0
1285,1962,italy,M,Unknown,N,white,28.0
1286,1962,papua new guinea,M,Unknown,N,Desconocido,49.0
1287,1962,usa,M,Unknown,N,Desconocido,39.0
1288,1962,usa,M,Unknown,N,Desconocido,40.0
1289,1962,usa,M,Unknown,N,Desconocido,24.0
1290,1962,usa,M,Unknown,N,Desconocido,19.0
1291,1962,usa,M,Unknown,N,Desconocido,11.0
1292,1962,usa,M,Unknown,N,Desconocido,55.0
1293,1962,south africa,M,Unknown,N,Desconocido,13.0
1294,1962,papua new guinea,M,Unknown,N,Desconocido,10.0
1295,1962,south africa,M,Unknown,N,white,13.0
1296,1962,australia,M,Unknown,N,Desconocido,35.0
1297,1962,new zealand,M,Unknown,N,Desconocido,18.0
1298,1962,south africa,M,Unknown,N,Desconocido,40.0
1299,1962,usa,M,Unknown,N,white,29.0
1300,1962,australia,M,Unknown,N,Desconocido,19.0
1301,1962,papua new guinea,M,Unknown,N,white,24.0
1302,1962,new zealand,F,Unknown,N,Desconocido,54.0
1303,1962,marshall islands,M,Unknown,N,Desconocido,57.0
1304,1961,australia,F,Unknown,N,Desconocido,18.0
1305,1961,australia,M,Unknown,N,Desconocido,24.0
1306,1961,south africa,M,Unknown,N,Desconocido,18.0
1307,1961,australia,M,Unknown,N,Grey,23.0
1308,1961,australia,M,Unknown,N,Desconocido,22.0
1309,1961,australia,M,Unknown,N,Desconocido,17.0
1310,1961,croatia,M,Unknown,N,white,19.0
1311,1961,usa,M,Unknown,N,white,16.0
1312,1961,usa,M,Unknown,N,white,19.0
1313,1961,usa,M,Unknown,N,Desconocido,38.0
1314,1961,usa,M,Unknown,N,Desconocido,57.0
1315,1961,italy,M,Unknown,N,white,21.0
1316,1961,usa,M,Unknown,N,white,20.0
1317,1961,usa,M,Unknown,N,Desconocido,52.0
1318,1961,usa,M,Unknown,N,Desconocido,10.0
1319,1961,mozambique,M,Unknown,N,Desconocido,37.0
1320,1961,australia,M,Unknown,N,Desconocido,40.0
1321,1961,mozambique,M,Unknown,N,Desconocido,38.0
1323,1961,australia,M,Unknown,N,white,21.0
1324,1961,north pacific ocean,M,Unknown,N,Grey,33.0
1325,1961,south africa,M,Unknown,N,Desconocido,27.0
1326,1961,south africa,M,Unknown,N,Desconocido,14.0
1327,1961,south africa,M,Unknown,N,white,15.0
1328,1961,australia,M,Unknown,N,Desconocido,27.0
1329,1961,south africa,M,Unknown,N,white,13.0
1330,1960,south africa,M,Unknown,N,white,25.0
1331,1960,australia,M,Unknown,N,Grey,33.0
1332,1960,australia,M,Unknown,N,Desconocido,41.0
1333,1960,usa,M,Unknown,N,Lemon,15.0
1334,1960,usa,M,Unknown,N,Desconocido,41.0
1335,1960,usa,M,Unknown,N,Desconocido,39.0
1336,1960,bermuda,M,Unknown,N,Desconocido,25.0
1337,1960,usa,F,Unknown,N,white,16.0
1338,1960,south africa,M,Unknown,N,white,16.0
1339,1960,usa,M,Unknown,N,white,48.0
1340,1960,bermuda,M,Unknown,N,Desconocido,21.0
1341,1960,australia,M,Unknown,N,white,17.0
1342,1960,usa,M,Unknown,N,Desconocido,42.0
1343,1960,australia,M,Unknown,N,Desconocido,30.0
1344,1960,usa,M,Unknown,N,Desconocido,36.0
1345,1960,australia,M,Unknown,N,Bull,13.0
1346,1959,australia,M,Unknown,N,Desconocido,19.0
1347,1959,australia,M,Unknown,N,Desconocido,17.0
1348,1959,australia,M,Unknown,N,Desconocido,19.0
1349,1959,usa,M,Unknown,N,Desconocido,21.0
1350,1959,usa,M,Unknown,N,white,30.0
1351,1959,fiji,M,Unknown,N,Tiger,36.0
1352,1959,usa,M,Unknown,N,Desconocido,30.0
1353,1959,philippines,M,Unknown,N,Desconocido,10.0
1354,1959,japan,M,Unknown,N,Desconocido,13.0
1355,1959,usa,M,Unknown,N,Desconocido,25.0
1356,1959,usa,M,Unknown,N,white,33.0
1357,1959,usa,M,Unknown,N,white,18.0
1358,1959,usa,M,Unknown,N,Tiger,19.0
1359,1959,south africa,M,Unknown,N,Desconocido,14.0
1360,1959,australia,M,Unknown,N,Grey,20.0
1361,1959,australia,M,Unknown,N,Desconocido,22.0
1362,1959,australia,M,Unknown,N,Desconocido,17.0
1363,1959,south africa,M,Unknown,N,white,18.0
1364,1958,usa,M,Unknown,N,Tiger,15.0
1365,1958,american samoa,M,Unknown,N,Tiger,22.0
1366,1958,australia,M,Unknown,N,Desconocido,21.0
1367,1958,bahamas,M,Unknown,N,Desconocido,42.0
1368,1958,usa,M,Unknown,N,Tiger,12.0
1369,1958,usa,M,Unknown,N,Tiger,
1370,1958,pacific ocean,M,Unknown,N,Desconocido,31.0
1371,1958,usa,M,Unknown,N,Desconocido,20.0
1372,1958,bahamas,M,Unknown,N,Tiger,36.0
1373,1958,usa,M,Unknown,N,Desconocido,59.0
1374,1958,usa,M,Unknown,N,Tiger,17.0
1375,1958,taiwan,M,Unknown,N,Desconocido,29.0
1376,1958,south africa,F,Unknown,N,Desconocido,28.0
1377,1958,south africa,M,Unknown,N,Desconocido,29.0
1378,1958,australia,M,Unknown,N,Desconocido,14.0
1379,1957,south africa,F,Unknown,N,Desconocido,14.0
1380,1957,south africa,M,Unknown,N,Desconocido,23.0
1381,1957,usa,M,Unknown,N,white,57.0
1382,1957,australia,M,Unknown,N,Desconocido,28.0
1383,1957,usa,M,Unknown,N,white,25.0
1384,1957,usa,M,Unknown,N,Desconocido,17.0
1385,1957,australia,M,Unknown,N,Desconocido,22.0
1386,1956,papua new guinea,M,Unknown,N,Tiger,19.0
1387,1956,senegal,M,Unknown,N,Lemon,19.0
1388,1956,usa,M,Unknown,N,white,10.0
1389,1956,australia,M,Unknown,N,Desconocido,26.0
1390,1956,australia,M,Unknown,N,Desconocido,15.0
1391,1955,papua new guinea,M,Unknown,N,Desconocido,
1392,1955,american samoa,M,Unknown,N,Desconocido,28.0
1393,1955,usa,M,Unknown,N,white,19.0
1394,1955,australia,M,Unknown,N,white,25.0
1395,1955,australia,M,Unknown,N,Desconocido,13.0
1396,1954,australia,M,Unknown,N,Desconocido,30.0
1397,1954,argentina,M,Unknown,N,white,18.0
1398,1954,papua new guinea,M,Unknown,N,Desconocido,26.0
1399,1953,mexico,M,Unknown,N,Desconocido,19.0
1400,1953,usa,M,Unknown,N,Desconocido,15.0
1401,1953,australia,M,Unknown,N,Desconocido,25.0
1402,1952,australia,M,Unknown,N,Desconocido,25.0
1403,1952,usa,M,Unknown,N,white,17.0
1404,1951,australia,M,Unknown,N,Desconocido,21.0
1405,1951,south africa,M,Unknown,N,white,23.0
1406,1951,south africa,M,Unknown,N,white,24.0
1407,1951,australia,M,Unknown,N,Desconocido,23.0
1408,1951,south africa,M,Unknown,N,Desconocido,31.0
1409,1950,australia,M,Unknown,N,white,21.0
1410,1950,usa,M,Unknown,N,white,31.0
1411,1950,australia,M,Unknown,N,Desconocido,25.0
1412,1950,el salvador,M,Unknown,N,Desconocido,27.0
1413,1950,south africa,M,Unknown,N,white,14.0
1414,1950,indonesia,M,Unknown,N,Tiger,
1415,1949,australia,M,Unknown,N,Desconocido,36.0
1416,1949,australia,M,Unknown,N,Desconocido,13.0
1417,1949,australia,M,Unknown,N,white,20.0
1418,1949,australia,M,Unknown,N,Desconocido,32.0
1419,1948,greece,M,Unknown,N,Desconocido,17.0
1420,1948,usa,M,Unknown,N,Desconocido,48.0
1421,1947,australia,M,Unknown,N,Grey,
1422,1947,usa,M,Unknown,N,Desconocido,20.0
1423,1947,south africa,M,Unknown,N,Desconocido,21.0
1424,1947,south africa,M,Unknown,N,Desconocido,22.0
1425,1947,south africa,M,Unknown,N,Desconocido,18.0
1426,1946,australia,M,Unknown,N,Desconocido,30.0
1427,1946,australia,M,Unknown,N,white,18.0
1428,1946,south africa,M,Unknown,N,Desconocido,18.0
1429,1945,south africa,M,Unknown,N,Desconocido,37.0
1430,1945,iraq,M,Unknown,N,Bull,15.0
1431,1944,south africa,M,Unknown,N,white,17.0
1432,1943,panama,M,Unknown,N,white,20.0
1433,1943,mexico,M,Unknown,N,Desconocido,29.22721088435374
1434,1942,australia,F,Unknown,N,Bull,15.0
1435,1942,south africa,M,Unknown,N,white,18.0
1436,1942,australia,M,Unknown,N,Tiger,24.0
1437,1942,australia,F,Unknown,N,Bull,28.0
1438,1942,bahamas,M,Unknown,N,Desconocido,48.0
1439,1941,usa,M,Unknown,N,Desconocido,43.0
1440,1941,usa,M,Unknown,N,Desconocido,53.0
1441,1940,south africa,M,Unknown,N,white,25.0
1442,1940,south africa,M,Unknown,N,white,17.0
1443,1940,australia,M,Unknown,N,Desconocido,13.0
1444,1940,south africa,M,Unknown,N,Desconocido,18.0
1445,1939,australia,M,Unknown,N,Desconocido,20.0
1446,1939,bahamas,M,Unknown,N,Desconocido,38.0
1447,1938,australia,M,Unknown,N,Tiger,18.0
1448,1938,iraq,M,Unknown,N,Bull,10.0
1449,1938,australia,M,Unknown,N,Desconocido,24.0
1450,1937,australia,M,Unknown,N,Tiger,25.0
1451,1937,australia,M,Unknown,N,Tiger,18.0
1452,1937,australia,M,Unknown,N,Tiger,38.0
1453,1937,australia,M,Unknown,N,Desconocido,33.0
1454,1937,australia,M,Unknown,N,white,32.0
1455,1936,usa,M,Unknown,N,white,16.0
1456,1936,australia,M,Unknown,N,Tiger,16.0
1457,1936,australia,M,Unknown,N,white,14.0
1458,1936,australia,M,Unknown,N,white,13.0
1459,1935,australia,M,Unknown,N,Desconocido,38.0
1460,1935,australia,M,Unknown,N,white,27.0
1461,1935,australia,M,Unknown,N,white,22.0
1462,1934,australia,F,Unknown,N,Tiger,13.0
1463,1934,australia,M,Unknown,N,Desconocido,15.0
1464,1934,australia,M,Unknown,N,Desconocido,17.0
1465,1934,australia,M,Unknown,N,Desconocido,22.0
1466,1932,australia,M,Unknown,N,Grey,24.0
1467,1932,south africa,M,Unknown,N,Desconocido,23.0
1468,1931,australia,M,Unknown,N,Desconocido,39.0
1469,1931,australia,M,Unknown,N,Desconocido,18.0
1470,1930,australia,M,Unknown,N,white,18.0
1471,1930,south africa,M,Unknown,N,white,23.0
1472,1929,australia,M,Unknown,N,Grey,19.0
1473,1929,australia,M,Unknown,N,Desconocido,39.0
1474,1929,australia,M,Unknown,N,Desconocido,14.0
1475,1928,panama,M,Unknown,N,Desconocido,17.0
1476,1928,australia,M,Unknown,N,Desconocido,15.0
1477,1928,south africa,M,Unknown,N,Desconocido,18.0
1478,1927,south africa,M,Unknown,N,white,17.0
1479,1927,australia,M,Unknown,N,Grey,17.0
1480,1927,australia,M,Unknown,N,Desconocido,15.0
1481,1926,australia,M,Unknown,N,Grey,17.0
1482,1926,italy,M,Unknown,N,white,20.0
1483,1926,usa,M,Unknown,N,white,15.0
1484,1925,australia,M,Unknown,N,Tiger,55.0
1485,1925,australia,M,Unknown,N,Desconocido,16.0
1486,1924,australia,M,Unknown,N,Desconocido,16.0
1487,1922,australia,M,Unknown,N,Desconocido,19.0
1488,1922,jamaica,M,Unknown,N,Desconocido,19.0
1489,1922,south africa,M,Unknown,N,white,18.0
1490,1922,australia,M,Unknown,N,white,21.0
1491,1922,australia,M,Unknown,N,white,18.0
1492,1919,australia,M,Unknown,N,Desconocido,13.0
1493,1916,usa,M,Unknown,N,white,24.0
1494,1912,australia,M,Unknown,N,Desconocido,21.0
1495,1906,south africa,M,Unknown,N,Desconocido,30.0
1496,1905,australia,M,Unknown,N,Desconocido,40.0
1497,1884,south africa,M,Unknown,N,white,29.0
1498,1884,australia,M,Unknown,N,Desconocido,19.0
1499,1884,australia,M,Unknown,N,Desconocido,21.0
1500,1884,australia,M,Unknown,N,Bull,12.0
1501,1884,india,M,Unknown,N,Desconocido,35.0
1502,1884,seychelles,,Unknown,Y,Desconocido,
1503,1884,Unknow,,Unknown,Y,Desconocido,
1504,1884,england,,Sep,Y,Desconocido,
1505,1884,australia,,Unknown,Y,Desconocido,
1506,1884,australia,,May,N,Desconocido,
1507,1884,Unknow,,Jul,Y,Desconocido,
1508,1884,barbados,,Unknown,Y,Desconocido,
1509,1884,england,,Unknown,Y,Desconocido,
1510,1884,jamaica,,Dec,Y,Desconocido,
1511,1884,martinique,,Mar,Y,Desconocido,
1512,1884,usa,,Aug,Y,Desconocido,
1513,1884,usa,,Unknown,Y,Desconocido,
1514,1884,guinea,,Unknown,Y,Desconocido,
1515,1884,greenland,,Unknown,Y,Desconocido,
1516,1884,usa,,Unknown,Y,Desconocido,
1517,1884,france,,Unknown,Unknow,Desconocido,
1518,1884,spain,,Unknown,Y,Desconocido,
1519,1884,mediterranean sea,,Unknown,N,Desconocido,
1520,1884,jamaica,,Unknown,Y,Desconocido,
1521,1884,usa,,Jul,Y,Desconocido,
1522,1884,cuba,,Unknown,N,Desconocido,14.0
1523,1884,sweden,,Unknown,Unknow,Desconocido,
1524,1884,panama,,Unknown,Y,Desconocido,
1525,1884,Unknow,,Dec,Y,Desconocido,
1526,1884,italy,,Unknown,Y,Desconocido,
1527,1884,iceland,,Unknown,Unknow,Desconocido,
1528,1884,roatan,,Unknown,Unknow,Desconocido,
1529,1884,italy,,Unknown,Y,Desconocido,
1530,1884,barbados,,Mar,N,Desconocido,19.0
1531,1884,france,,Unknown,Y,Desconocido,
1532,1884,france,,Unknown,N,Desconocido,
1533,1884,barbados,,Unknown,Y,Desconocido,
1534,1884,guinea,,Unknown,Unknow,Desconocido,
1535,1884,Unknow,,Unknown,Unknow,Desconocido,
1536,1884,india,,Unknown,Unknow,Desconocido,
1537,1884,india,,Unknown,Unknow,Desconocido,
1538,1884,usa,,Unknown,Y,Desconocido,
1539,1884,india,,Unknown,Unknow,Desconocido,
1540,1884,between portugal & india,,Unknown,Y,Desconocido,
1541,1884,Unknow,,Unknown,Unknow,Desconocido,
1542,1884,france,,Unknown,Unknow,Desconocido,
1543,1884,venezuela,,Unknown,Y,Desconocido,
1544,1884,mexico,,Unknown,N,Desconocido,
1545,1884,Unknow,,Unknown,Y,Desconocido,
1546,1884,australia,,Unknown,N,Desconocido,
1547,1884,Unknow,,Unknown,Y,Desconocido,
1548,1884,greece,,Unknown,Y,Desconocido,
1550,1884,italy,,Unknown,Y,Desconocido,
1551,1884,canada,,Unknown,N,Desconocido,
1552,1884,kenya,,Unknown,N,Desconocido,
1553,1884,kenya,,Unknown,Y,Desconocido,
1554,1884,panama,,Unknown,Y,Desconocido,20.0
1555,1884,uruguay,,Unknown,N,Desconocido,
1556,1884,uruguay,,Unknown,Y,Desconocido,
1557,1884,usa,,Unknown,N,Desconocido,
1558,1884,papua new guinea,,Unknown,Y,Desconocido,
1559,1884,australia,,Unknown,N,Desconocido,15.0
1560,1884,australia,,Unknown,Y,Desconocido,
1562,1884,bermuda,,Unknown,Y,Desconocido,
1564,1884,usa,,Unknown,Y,Desconocido,
1565,1884,india,,Unknown,N,Desconocido,
1566,1884,lebanon,,Unknown,N,Desconocido,
1567,1884,spain,,Unknown,N,Desconocido,
1568,1884,sudan,,Unknown,N,Desconocido,
1569,1884,Unknow,,Unknown,N,Desconocido,
1570,1884,usa,,Unknown,N,Desconocido,21.0
1572,1884,djibouti,,Unknown,Y,Desconocido,
1573,1884,libya,,Unknown,Y,Desconocido,
1574,1884,australia,,Unknown,N,Desconocido,
1575,1884,new zealand,,Unknown,Y,Desconocido,
1577,1884,vietnam,,Unknown,N,Desconocido,
1578,1884,sri lanka,,Unknown,N,Desconocido,
1579,1884,venezuela,,Unknown,Y,Desconocido,
1582,1884,mozambique,,Unknown,N,Desconocido,
1583,1884,south africa,,Unknown,Y,Desconocido,
1585,1884,bahrein,,Unknown,Y,Desconocido,
1586,1884,bahamas,,Unknown,N,Desconocido,
1588,1884,reunion,,Unknown,N,Desconocido,
1589,1884,solomon islands,,Unknown,N,Desconocido,
1590,1884,korea,,Unknown,Y,Desconocido,
1591,1884,french polynesia,,Unknown,N,Desconocido,
1593,1884,vanuatu,,Unknown,Y,Desconocido,
1594,1884,vanuatu,,Unknown,N,Desconocido,
1595,1884,iran,,Unknown,N,Desconocido,
1596,1884,usa,,Unknown,N,Desconocido,19.0
1598,1884,red sea?,,Unknown,N,Desconocido,
1602,1884,usa,,Unknown,Unknow,Desconocido,
1604,1884,mediterranean sea,,Unknown,Y,Desconocido,
1607,1884,singapore,,Unknown,N,Desconocido,
1608,1884,fiji,,Unknown,N,Desconocido,27.0
1609,1884,mozambique,,Unknown,N,Desconocido,36.0
1610,1884,seychelles,,Unknown,Y,Desconocido,
1611,1884,iraq,,Unknown,N,Desconocido,25.0
1612,1884,iraq,,Unknown,N,Desconocido,
1613,1884,iraq,,Unknown,N,Desconocido,16.0
1616,1884,bermuda,,Unknown,N,Desconocido,
1617,1884,fiji,,Unknown,N,Desconocido,
1618,1884,madagascar,,Unknown,Y,Desconocido,
1621,1884,indonesia,,Unknown,Y,Desconocido,
1622,1884,india,,Unknown,Y,Desconocido,
1623,1884,nicaragua,,Unknown,Y,Desconocido,
1624,1884,cuba,,Unknown,Y,Desconocido,50.0
1625,1884,marshall islands,,Unknown,N,Desconocido,
1626,1884,kiribati,,Unknown,N,Desconocido,
1627,1884,north pacific ocean,,Unknown,N,Desconocido,
1628,1884,kiribati,,Unknown,Y,Desconocido,
1632,1884,iran,,Unknown,Y,Desconocido,
1635,1884,iraq,,Unknown,Y,Desconocido,13.0
1636,1884,saudi arabia,,Unknown,Y,Desconocido,
1637,1884,saudi arabia,,Unknown,N,Desconocido,
1639,1884,pacific ocean,,Unknown,Y,Desconocido,
1640,1884,burma,,Unknown,N,Desconocido,
1641,1884,papua new guinea,,Unknown,N,Desconocido,
1643,1884,burma,,Unknown,Y,Desconocido,
1644,1884,italy,,Unknown,N,Desconocido,
1645,1884,greece,,Unknown,N,Desconocido,
1646,1884,belize,,Unknown,Y,Desconocido,16.0
1647,1884,australia,,Unknown,Unknow,Desconocido,
1648,1884,reunion,,Unknown,Y,Desconocido,
1649,1884,south africa,,Unknown,N,Desconocido,
1657,1884,fiji,,Unknown,Y,Desconocido,
1661,1884,asia?,,Unknown,N,Desconocido,
1670,1884,panama,,Unknown,Y,Desconocido,
1671,1884,ceylon (sri lanka),,Unknown,Y,Desconocido,15.0
