,YEAR,COUNTRY,SEX_,AGE,SPECIES_,fecha,FATALIDAD,nueva_especie,edad_limpia
0,2018,usa,F,57,White shark,,N,White,57
1,2018,brazil,M,18,Tiger shark,,N,Tiger,18
2,2018,usa,M,15,"Bull shark, 6'",,N,Bull,15
3,2018,australia,M,32,Grey reef shark,,N,Grey,32
4,2018,england,M,21,Invalid incident,,N,Desconocido,21
5,2018,costa rica,M,30,Tiger shark,,N,Tiger,30
6,2018,australia,M,60,3 m shark,,N,Desconocido,60
7,2018,maldives,M,32,Tiger shark,,N,Tiger,32
8,2018,south africa,M,33,"White shark, 2.5 m",,N,White,33
9,2018,south africa,M,19,White shark,,N,White,19
10,2018,usa,M,25,"Tiger shark, 12'",,N,Tiger,25
11,2018,australia,M,10,Wobbegong shark,,N,Desconocido,10
12,2018,australia,M,69,3.5 m shark,,N,Desconocido,69
13,2018,australia,M,18,1.8 m shark,,N,Desconocido,18
14,2018,australia,F,55,"Juvenile white shark,  2.7 to 3.2 m",,N,White,55
15,2018,australia,M,35,"Bull shark, 2 m",,N,Bull,35
16,2018,brazil,M,20,small shark,,N,Desconocido,20
17,2017,usa,F,54,Tiger shark,,N,Tiger,54
18,2017,usa,M,25,"White shark, 4.6 m",,N,White,25
19,2017,australia,M,25,2 m shark,,N,Desconocido,25
20,2017,cuba,M,22,Tiger shark,,N,Tiger,22
21,2017,australia,M,31,"Wobbegong shark, 1 m",,N,Desconocido,31
22,2017,australia,F,15,"White shark, 4.5 m",,N,White,15
23,2017,usa,M,54,"Tiger shark, 8 to 10 feet",,N,Tiger,54
24,2017,usa,F,40,8' shark,,N,Desconocido,40
25,2017,usa,M,33,Questionable,,N,Desconocido,33
26,2017,usa,M,18,5' to 6' shark,,N,Desconocido,18
27,2017,australia,M,35,"White shark, 3 to 3.5m ",,N,White,35
28,2017,australia,M,37,"White shark, 3 m",,N,White,37
29,2017,spain,F,11,Shark involvement questionable,,N,Desconocido,11
30,2017,usa,M,69,"White shark, 5' to 7'",,N,White,69
31,2017,usa,M,13,Possibly a juvenile blacktip shark,,N,Desconocido,13
32,2017,usa,M,34,4' shark,,N,Desconocido,34
33,2017,usa,M,10,A small shark,,N,Desconocido,10
34,2017,usa,M,40,"White shark, 11' to 13'",,N,White,40
35,2017,usa,M,50,"White shark, 8' to 10'",,N,White,50
36,2017,usa,M,46,"Bull shark, 4' to 5'",,N,Bull,46
37,2017,south africa,F,13,"White shark, 2.5 m",,N,White,13
38,2017,australia,M,48,"White shark, 4 m",,N,White,48
39,2017,bahamas,F,32,Tiger shark,,N,Tiger,32
40,2017,usa,F,18,Shark involvement highly doubtful,,N,Desconocido,18
41,2017,australia,F,17,White shark,,N,White,17
42,2017,usa,M,28,"Tiger shark, 12'",,N,Tiger,28
43,2017,usa,F,17,"Bull shark, 5' to 7'",,N,Bull,17
44,2017,australia,M,55,"Bull shark, 4 m",,N,Bull,55
45,2017,indonesia,M,48,"Bull shark, 1 m",,N,Bull,48
46,2017,australia,M,20,Shark involvement not confirmed,,N,Desconocido,20
47,2016,south africa,M,55,"White shark, 4 m",,N,White,55
48,2016,usa,M,19,Shark involvement not confirmed,,N,Desconocido,19
49,2016,australia,M,20,"Wobbegong shark, 2m",,N,Desconocido,20
50,2016,australia,M,65,White shark,,N,White,65
51,2016,australia,M,73,"Broadnose sevengill shark, 1.5 m",,N,Desconocido,73
52,2016,usa,F,58,Tiger shark,,N,Tiger,58
53,2016,usa,M,36, 6' to 8' shark,,N,Desconocido,36
54,2016,australia,M,17,"White shark, 3.5 m",,N,White,17
55,2016,usa,M,60s,3' to 4' shark,,N,Desconocido,60
56,2016,usa,F,51,"Tiger shark, 10'",,N,Tiger,51
57,2016,usa,M,25,"Bull shark, 6'",,N,Bull,25
58,2016,usa,M,21,"Tiger shark, 10' ",,N,Tiger,21
59,2016,spain,M,40,Blue shark,,N,Desconocido,40
60,2016,australia,M,31,"reef shark, 1m",,N,Desconocido,31
61,2016,usa,M,61,"White shark, 10' to 12'",,N,White,61
62,2016,usa,M,59,dogfish shark,,N,Desconocido,59
63,2016,australia,M,34,Tawny nurse shark,,N,Desconocido,34
64,2016,usa,M,42,3' to 5' shark,,N,Desconocido,42
65,2016,usa,F,6,3' to 4' shark,,N,Desconocido,
66,2016,usa,M,19,3' shark,,N,Desconocido,19
67,2016,usa,M,27,Said to involve an 8' shark but more likely damage caused by debris,,N,Desconocido,27
68,2016,australia,F,60,3+ m shark,,N,Desconocido,60
69,2016,egypt,M,23,Mako shark,,N,Desconocido,23
70,2016,australia,M,29,White shark,,N,White,29
71,2016,usa,M,13,5' shark,,N,Desconocido,13
72,2016,usa,F,22,"Bull shark, 4' to 5'",,N,Bull,22
73,2016,usa,M,48,"Blacktip shark, 4'",,N,Desconocido,48
74,2016,usa,F,23,"Nurse shark, 2'",,N,Desconocido,23
75,2016,new zealand,M,39,"Mako shark, 1.5 m [5'] ",,N,Desconocido,39
76,2016,indonesia,M,24,"Bull shark, 6'",,N,Bull,24
77,2016,australia,M,12,Wobbegong shark,,N,Desconocido,12
78,2016,french polynesia,M,22,"Grey reef shark, 2 m",,N,Grey,22
79,2016,french polynesia,M,26,"Grey reef shark, 2 m",,N,Grey,26
80,2016,new caledonia,F,69,"Tiger shark, 2.5 m",,N,Tiger,69
81,2016,usa,M,48,"Tiger shark, 14'",,N,Tiger,48
82,2016,australia,M,11,Blacktip shark,,N,Desconocido,11
83,2016,australia,M,31,3 m shark,,N,Desconocido,31
84,2015,usa,M,71,9' shark,,N,Desconocido,71
85,2015,australia,M,43,"Bronze whaler shark, 6'",,N,Desconocido,43
86,2015,ecuador,M,55,Galapagos shark,,N,Desconocido,55
87,2015,australia,M,20,"Bull shark, 2.8 to 3.1 m",,N,Bull,20
88,2015,usa,F,9,Shark involvement not confirmed,,N,Desconocido,
89,2015,usa,F,28,3' to 5' shark,,N,Desconocido,28
90,2015,south africa,M,42,"White shark, 3 to 3.5m ",,N,White,42
91,2015,usa,M,21,5' shark,,N,Desconocido,21
92,2015,usa,M,21,"Spinner shark, 5'",,N,Desconocido,21
93,2015,usa,M,32,No shark involvement,,N,Desconocido,32
94,2015,usa,M,44,"Tiger shark, 7'",,N,Tiger,44
95,2015,usa,M,25,"Tiger shark, 13' ",,N,Tiger,25
96,2015,usa,M,13,4' to 5' shark,,N,Desconocido,13
97,2015,usa,M,14,"Blacktip shark, 4' to 5'",,N,Desconocido,14
98,2015,usa,M,22,"Blacktip shark, 5' to 6'",,N,Desconocido,22
99,2015,usa,M,14,juvenile shark,,N,Desconocido,14
100,2015,usa,M,27,"Tiger shark, 13'",,N,Tiger,27
101,2015,usa,M,12,4' shark,,N,Desconocido,12
102,2015,australia,M,42,6' shark,,N,Desconocido,42
103,2015,usa,F,50,"White shark, 11' to 12'",,N,White,50
104,2015,usa,M,29,Hammerhead shark.,,N,Desconocido,29
105,2015,australia,M,62,"White shark, 2.5 m",,N,White,62
106,2015,thailand,F,37,small shark,,N,Desconocido,37
107,2015,usa,F,54,"White shark, 11' to 12'",,N,White,54
108,2015,usa,M,21,"White shark, 10' to 12' ",,N,White,21
109,2015,usa,M,15,4' shark,,N,Desconocido,15
110,2015,usa,F,10,3' shark,,N,Desconocido,10
111,2015,usa,M,22,"White shark, 13'",,N,White,22
112,2015,spain,M,10,Shark involvement not confirmed,,N,Desconocido,10
113,2015,usa,M,57,Hammerhead shark. 6' to 7',,N,Desconocido,57
114,2015,australia,M,52,White shark,,N,White,52
115,2015,usa,M,25,"Blacktip or spinner shark, 4'",,N,Desconocido,25
116,2015,usa,F,35,"Thought to involve a 3' to 4' shark, but shark involvement not confirmed",,N,Desconocido,35
117,2015,australia,M,46,"White shark, 3.9 to 4.2 m",,N,White,46
118,2015,usa,M,38,"White shark, 7'",,N,White,38
120,2015,australia,M,32,White shark,,N,White,32
121,2015,usa,M,68,6' to 7' shark,,N,Desconocido,68
122,2015,usa,M,12,4' to 5' shark,,N,Desconocido,12
123,2015,usa,M,18,Bull shark,,N,Bull,18
124,2015,south africa,M,19,White shark,,N,White,19
125,2015,south africa,M,23,"White shark, 2m to 3 m",,N,White,23
126,2015,usa,M,43,4' shark,,N,Desconocido,43
127,2015,usa,M,6,Sandtiger shark,,N,Tiger,
128,2015,australia,F,37,White shark,,N,White,37
129,2015,usa,M,16,Bull shark,,N,Bull,16
130,2015,usa,F,12,Bull shark,,N,Bull,12
131,2015,usa,F,13,4' shark,,N,Desconocido,13
132,2015,usa,M,11,"Bull shark, 5'",,N,Bull,11
133,2015,reunion,M,47,"Bull shark, 2.5 m",,N,Bull,47
134,2015,french polynesia,M,19,1m to 1.2 m shark,,N,Desconocido,19
135,2015,usa,M,18,5' shark,,N,Desconocido,18
136,2015,south africa,M,29,"White shark, 3.5 m",,N,White,29
137,2015,usa,M,63,3- to 4-foot shark,,N,Desconocido,63
138,2015,australia,M,26,"White shark, 6 m",,N,White,26
139,2015,australia,M,71,"White shark, 3 m",,N,White,71
140,2015,reunion,M,13,Bull shark,,N,Bull,13
141,2015,usa,M,70,Bull shark,,N,Bull,70
142,2015,brazil,M,23,No shark involvement,,N,Desconocido,23
143,2015,usa,M,58,"Tiger shark, 8 to 12 feet",,N,Tiger,58
144,2015,french polynesia,M,9,Blacktip shark,,N,Desconocido,
145,2015,reunion,F,22,"Tiger shark, 3.5 m",,N,Tiger,22
146,2015,australia,M,41,3.5 to 4 m shark,,N,Desconocido,41
147,2015,australia,M,35,2 m to  3 m shark,,N,Desconocido,35
148,2015,australia,M,57,"Bull shark, 1.3 m",,N,Bull,57
149,2015,usa,M,20,4' shark,,N,Desconocido,20
150,2015,bahamas,F,34,White shark or oceanic whitetip shark,,N,White,34
151,2015,south africa,M,15,"Raggedtooth shark, 1.3 m",,N,Desconocido,15
152,2014,australia,M,17,"White shark, 4 to 5 m",,N,White,17
153,2014,usa,M,50,"White shark, 8' to 10'",,N,White,50
154,2014,australia,M,40s,1.5 m shark,,N,Desconocido,40
155,2014,australia,M,17,Tiger shark,,N,Tiger,17
156,2014,usa,M,44,2' shark,,N,Desconocido,44
157,2014,usa,M,53,1.5 m shark,,N,Desconocido,53
158,2014,usa,F,34,"Tiger shark, 12'",,N,Tiger,34
159,2014,australia,F,13,1 m shark,,N,Desconocido,13
160,2014,usa,M,29,Blacktip shark,,N,Desconocido,29
161,2014,usa,M,15,Blacktip shark,,N,Desconocido,15
162,2014,usa,M,28,8' to 10' shark,,N,Desconocido,28
163,2014,australia,M,23,"2 white shark: 13' & 9""8""",,N,White,23
164,2014,australia,M,50,7' shark,,N,Desconocido,50
165,2014,usa,M,43,Bull shark,,N,Bull,43
166,2014,usa,F,20s,"White shark, 12' to 14'",,N,White,20
167,2014,usa,M,52,3' to 4' shark,,N,Desconocido,52
168,2014,usa,F,13,Spinner shark,,N,Desconocido,13
169,2014,usa,M,7," Bull shark, 5'",,N,Bull,
170,2014,usa,M,10,4' tp 5' shark,,N,Desconocido,10
171,2014,south africa,M,20,White shark,,N,White,20
172,2014,usa,M,61,6' to 8' shark,,N,Desconocido,61
173,2014,usa,M,39,4' shark,,N,Desconocido,39
174,2014,bahamas,M,63,Shark involvement not confirmed,,N,Desconocido,63
175,2014,usa,M,19,4' to 5' shark,,N,Desconocido,19
176,2014,usa,M,16," Sandbar shark, 3' to 4'",,N,Desconocido,16
177,2014,australia,M,39,"Bronze whaler shark, 1.5m",,N,Desconocido,39
178,2014,usa,F,22,Bull shark,,N,Bull,22
179,2014,australia,M,35," white shark, 15' ",,N,White,35
180,2014,usa,F,40,4' to 5' shark,,N,Desconocido,40
181,2014,usa,M,23,3' shark,,N,Desconocido,23
182,2014,australia,F,63,3 m to 4 m white shark,,N,White,63
183,2014,australia,M,38,Shark involvement prior to death not confirmed,,N,Desconocido,38
184,2014,south africa,M,66,2 m shark,,N,Desconocido,66
185,2014,french polynesia,M,21,Blacktip reef shark ,,N,Desconocido,21
186,2014,new zealand,M,28,7-gill shark?,,N,Desconocido,28
187,2013,new caledonia,M,37,Reported to involve a bull shark,,N,Bull,37
188,2013,south africa,M,19,"White shark, 3m ",,N,White,19
189,2013,usa,M,29,"Tiger shark, 10' to 12'",,N,Tiger,29
190,2013,usa,M,30,4' to 6' shark,,N,Desconocido,30
191,2013,australia,M,26," Wobbegong shark, 1.6 to 1.8m ",,N,Desconocido,26
192,2013,australia,M,19,"Tiger shark, 3m ",,N,Tiger,19
193,2013,australia,M,35,Thought to involve a white shark,,N,White,35
194,2013,usa,M,25,"White shark, 10 '",,N,White,25
195,2013,usa,M,46,Tiger shark,,N,Tiger,46
196,2013,australia,F,60,"Blacktip reef shark, 1m",,N,Desconocido,60
197,2013,reunion,M,24,Thought to involve a bull shark,,N,Bull,24
198,2013,australia,M,41,Wobbegong shark,,N,Desconocido,41
199,2013,usa,M,45,"Whitetip reef shark, 4' to 6'",,N,White,45
200,2013,usa,M,25,Tiger shark,,N,Tiger,25
201,2013,usa,M,6,Nurse shark?,,N,Desconocido,
202,2013,south africa,M,74,White shark,,N,White,74
203,2013,australia,M,55,White shark,,N,White,55
204,2013,usa,M,45,"White shark, 8' to 10'",,N,White,45
205,2013,usa,M,21,Bull shark,,N,Bull,21
206,2013,usa,F,13,3' shark,,N,Desconocido,13
207,2013,usa,M,43,3' shark,,N,Desconocido,43
208,2013,usa,M,25,3' shark,,N,Desconocido,25
209,2013,usa,M,9,4' shark,,N,Desconocido,
210,2013,usa,F,20,Tiger shark?,,N,Tiger,20
211,2013,usa,M,10,"Bull shark, 8'",,N,Bull,10
212,2013,usa,M,17,"Bull shark, 6' to 8'",,N,Bull,17
213,2013,bahamas,M,40,6' shark,,N,Desconocido,40
214,2013,usa,M,18,"Tiger shark, 8' to 10' ",,N,Tiger,18
215,2013,bahamas,M,64,Nurse shark,,N,Desconocido,64
216,2013,usa,M,14,4' to 5' shark,,N,Desconocido,14
217,2013,usa,M,28,"Tiger shark, 14'",,N,Tiger,28
218,2013,usa,F,10,4' to 5' shark,,N,Desconocido,10
219,2013,ecuador,M,29,Galapagos shark,,N,Desconocido,29
220,2013,reunion,M,36,Bull shark,,N,Bull,36
221,2013,usa,M,16,a small shark,,N,Desconocido,16
222,2013,mexico,F,34,Tiger shark,,N,Tiger,34
223,2013,australia,M,51,"Grey nurse shark, 3m",,N,Grey,51
224,2013,usa,M,9,3' shark,,N,Desconocido,
226,2013,french polynesia,M,53,Possibly a blacktip reef shark,,N,Desconocido,53
227,2013,usa,M,58,4' shark,,N,Desconocido,58
228,2013,south africa,M,30,"Raggedtooth shark, 1.5 m",,N,Desconocido,30
229,2013,jamaica,M,68,"Tiger shark, 4.8 m",,N,Tiger,68
230,2013,australia,M,28,"Bronze whaler shark, 2.5m",,N,Desconocido,28
231,2013,new zealand,M,46,"White shark, 4m",,N,White,46
232,2013,usa,M,16,"Blacktip shark, 4' to 5'",,N,Desconocido,16
233,2013,french polynesia,M,48,Lemon shark,,N,Lemon,48
234,2013,usa,M,43,"Tiger shark, 15'",,N,Tiger,43
235,2012,australia,M,23,2.5 m shark,,N,Desconocido,23
236,2012,australia,M,29,"Bull shark, 2m ",,N,Bull,29
237,2012,australia,M,32,"Tiger shark, 6'",,N,Tiger,32
238,2012,usa,M,60,10' shark,,N,Desconocido,60
239,2012,australia,M,31,Sandtiger shark,,N,Tiger,31
240,2012,usa,M,61,"Tiger shark, 10'",,N,Tiger,61
241,2012,mexico,M,32,2.5 m shark,,N,Desconocido,32
242,2012,usa,M,14,2' to 3' shark,,N,Desconocido,14
243,2012,usa,M,30,"Tiger shark, 15'",,N,Tiger,30
244,2012,usa,M,43,"Tiger shark, 8'",,N,Tiger,43
245,2012,usa,M,25,White shark,,N,White,25
246,2012,usa,F,51,"Tiger shark, 10' to 12' ",,N,Tiger,51
247,2012,usa,M,39,"White shark, 15' to 16' ",,N,White,39
248,2012,usa,M,55,6' to 8' shark,,N,Desconocido,55
249,2012,australia,M,11,2m shark,,N,Desconocido,11
250,2012,usa,M,21,5' shark,,N,Desconocido,21
251,2012,usa,M,22,4' shark,,N,Desconocido,22
252,2012,usa,F,8,3.5' to 4' shark,,N,Desconocido,
253,2012,usa,F,56,3.5' to 4' shark,,N,Desconocido,56
254,2012,usa,M,56,"Lemon shark, 4' to 5' ",,N,Lemon,56
255,2012,australia,M,48,White shark or bronze whaler,,N,White,48
256,2012,usa,M,50,Thought to involve a white shark,,N,White,50
257,2012,australia,M,24,"White shark, 5m",,N,White,24
258,2012,usa,M,52,14' to 18'shark,,N,Desconocido,52
259,2012,south africa,M,29,15' shark,,N,Desconocido,29
260,2012,usa,M,6,possibly a bull shark,,N,Bull,
261,2012,usa,F,16,a small reef shark,,N,Desconocido,16
262,2012,australia,M,62,3 m shark,,N,Desconocido,62
263,2012,usa,M,23,Nurse shark,,N,Desconocido,23
264,2012,usa,F,18,small blacktip shark?,,N,Desconocido,18
265,2012,usa,M,16,Blacktip shark ,,N,Desconocido,16
266,2012,australia,M,42,1.5 m shark,,N,Desconocido,42
267,2012,italy,M,57,"Blue shark, 2.5m",,N,Desconocido,57
268,2012,australia,M,30,"White shark, 2 m",,N,White,30
269,2012,usa,F,33,"18"" to 24"" shark",,N,Desconocido,33
270,2012,mexico,M,46,"Bull shark, 3m",,N,Bull,46
271,2012,usa,M,22,4' to 5' shark,,N,Desconocido,22
272,2012,usa,M,30,White shark,,N,White,30
273,2012,usa,F,15,White shark,,N,White,15
274,2012,usa,M,28,5' shark,,N,Desconocido,28
275,2012,south africa,M,20,"White shark, 4 m to 5m ",,N,White,20
276,2012,usa,M,28,"Tiger shark, 10'  ",,N,Tiger,28
277,2012,australia,M,33,"White shark, 4m ",,N,White,33
278,2012,australia,M,20,Possibly a bull shark,,N,Bull,20
279,2012,usa,M,61,Possibly a 5' to 6' bull shark,,N,Bull,61
280,2012,usa,F,15,4' to 5' shark,,N,Desconocido,15
281,2012,usa,M,17,4' to 5' shark,,N,Desconocido,17
282,2012,australia,F,34,"Tawny nurse shark, 40cm",,N,Desconocido,34
283,2012,usa,M,19,4' shark,,N,Desconocido,19
284,2012,australia,M,26,"Tiger shark, 3m",,N,Tiger,26
285,2012,australia,M,44,"White shark, 2.7 m",,N,White,44
286,2012,south africa,M,25,Thought to involve a bull shark,,N,Bull,25
287,2012,australia,M,28,2 m shark,,N,Desconocido,28
288,2012,australia,M,34,Allegedly a 4 m tiger shark,,N,Tiger,34
289,2011,australia,M,51,"White shark, 2.5m",,N,White,51
290,2011,australia,M,10,Wobbegong shark?,,N,Desconocido,10
291,2011,australia,M,32,"White shark, 10'",,N,White,32
292,2011,australia,M,50,"Port Jackson shark, 1m",,N,Desconocido,50
293,2011,usa,M,27,No shark involvement,,N,Desconocido,27
294,2011,south africa,M,43,White shark,,N,White,43
295,2011,usa,M,21,"Bull shark, 6'",,N,Bull,21
296,2011,usa,M,25,4' to 6' shark,,N,Desconocido,25
297,2011,papua new guinea,M,30,"Tiger shark, 2m",,N,Tiger,30
298,2011,australia,M,21,White shark,,N,White,21
299,2011,usa,M,19,"6' shark, possibly a blactip or spinner shark",,N,Desconocido,19
300,2011,usa,M,19,6' shark,,N,Desconocido,19
301,2011,australia,M,48,Shark involvement prior to death not confirmed,,N,Desconocido,48
302,2011,south africa,M,49,"White shark, >6'",,N,White,49
303,2011,usa,F,20s,Possibly a 5' to 6' sandtiger shark,,N,Tiger,20
304,2011,russia,M,25,4 m shark,,N,Desconocido,25
305,2011,french polynesia,M,32,Grey reef shark ,,N,Grey,32
306,2011,seychelles,M,30,"Bull shark, 6'",,N,Bull,30
307,2011,south africa,M,29,"White shark, 3m to 4m",,N,White,29
308,2011,south africa,M,22,"Bull shark, 3m female",,N,Bull,22
309,2011,usa,F,10,"Bull shark, 6'",,N,Bull,10
310,2011,usa,M,28,"Blacktip shark, 4'",,N,Desconocido,28
311,2011,usa,M,19,3' to 4' shark,,N,Desconocido,19
312,2011,south africa,M,28,Zambesi shark,,N,Desconocido,28
313,2011,new caledonia,M,15," Tiger shark, 2.8m",,N,Tiger,15
314,2011,australia,M,17,"reef shark, 1.5m",,N,Desconocido,17
315,2011,usa,M,49,1' to 2' shark,,N,Desconocido,49
316,2011,new zealand,M,41,possibly a bronze whaler shark,,N,Desconocido,41
317,2011,australia,M,48,"Bull shark, 2.5m",,N,Bull,48
318,2011,australia,F,24,3 m to 4 m shark,,N,Desconocido,24
319,2011,australia,M,36,"Bull shark, 2m",,N,Bull,36
320,2011,new caledonia,M,21,1.5 m shark,,N,Desconocido,21
321,2011,australia,M,49,White shark x 2,,N,White,49
322,2011,mexico,F,38,6' shark,,N,Desconocido,38
323,2011,bahamas,M,55,Caribbean reef shark,,N,Desconocido,55
324,2011,australia,F,7,Shark involvement not confirmed,,N,Desconocido,
325,2010,usa,M,16,6' shark,,N,Desconocido,16
326,2010,egypt,F,70,"Oceanic whitetip shark, 2.5m ",,N,White,70
327,2010,egypt,M,54,Mako shark ,,N,Desconocido,54
328,2010,egypt,M,46,Mako shark,,N,Desconocido,46
329,2010,egypt,F,70,"Oceanic whitetip shark, 2.5m, female",,N,White,70
330,2010,egypt,F,48,"Oceanic whitetip shark, 2.5m, female",,N,White,48
331,2010,australia,F,20,White shark,,N,White,20
332,2010,usa,M,30,"Porbeagle shark, 8' ",,N,Desconocido,30
333,2010,usa,M,19,"White shark, 14' to 18' ",,N,White,19
334,2010,australia,M,22,"Bull shark, 1.4m ",,N,Bull,22
335,2010,usa,M,29,White shark,,N,White,29
336,2010,australia,M,15,2m shark,,N,Desconocido,15
337,2010,australia,M,31,White shark,,N,White,31
338,2010,usa,F,37,3' to 4' shark,,N,Desconocido,37
339,2010,usa,M,10,Possibly a small blacktip shark,,N,Desconocido,10
340,2010,usa,F,13,"Sandtiger shark, 4' to 5'",,N,Tiger,13
341,2010,spain,M,9,Angel shark,,N,Desconocido,
342,2010,usa,M,20,"Blue shark, 7'",,N,Desconocido,20
343,2010,usa,M,19,4' shark,,N,Desconocido,19
344,2010,usa,M,48,8' shark,,N,Desconocido,48
345,2010,vietnam,M,17,1 m shark,,N,Desconocido,17
346,2010,usa,F,18,4' shark,,N,Desconocido,18
347,2010,usa,M,49,"Lemon shark, 4'",,N,Lemon,49
348,2010,vietnam,F,58,20 to 30kg shark,,N,Desconocido,58
349,2010,vietnam,F,60,20 to 30kg shark,,N,Desconocido,60
350,2010,usa,F,10,4' shark,,N,Desconocido,10
351,2010,usa,M,29,"Lemon shark, 6'",,N,Lemon,29
352,2010,usa,M,68,14' shark,,N,Desconocido,68
353,2010,south africa,M,35,2 m shark,,N,Desconocido,35
354,2010,egypt,M,24,"Oceanic whitetip shark, 6'",,N,White,24
355,2010,reunion,M,34,1.5 m shark,,N,Desconocido,34
356,2010,australia,F,60,2 m shark,,N,Desconocido,60
357,2010,australia,M,46,"Wobbegong shark, 1.6m",,N,Desconocido,46
358,2010,australia,M,18,"White shark, 2.5m",,N,White,18
359,2010,guam,M,31,Invalid,,N,Desconocido,31
360,2010,new zealand,F,14,1.5 m shark,,N,Desconocido,14
361,2010,south africa,M,37,White shark,,N,White,37
362,2009,mozambique,M,27,"Zambesi shark, 2m ",,N,Desconocido,27
363,2009,australia,M,18,"Bull shark, 3m",,N,Bull,18
364,2009,usa,M,58,"Sandtiger shark, 8'",,N,Tiger,58
365,2009,usa,M,49,Shark involvement not confirmed,,N,Desconocido,49
366,2009,usa,M,10,6' shark,,N,Desconocido,10
367,2009,usa,M,31,Thresher shark,,N,Desconocido,31
368,2009,usa,M,18,4' shark,,N,Desconocido,18
369,2009,australia,M,25,2 m shark,,N,Desconocido,25
370,2009,australia,M,27,"White shark, 4m",,N,White,27
371,2009,usa,M,54,6' to 8' shark,,N,Desconocido,54
372,2009,scotland,M,23,Angel shark,,N,Desconocido,23
373,2009,united kingdom,M,39,Spurdog,,N,Desconocido,39
374,2009,usa,M,60,Shark involvement prior to death not confirmed,,N,Desconocido,60
375,2009,south africa,M,25,White shark,,N,White,25
376,2009,usa,F,22,"White shark, 5' to 6' juvenile ",,N,White,22
377,2009,usa,M,56,Bull shark?,,N,Bull,56
378,2009,usa,F,43,"Nurse shark, 6'",,N,Desconocido,43
379,2009,australia,M,52,"Thought to involve a Bronze whale shark, 2m",,N,Desconocido,52
380,2009,usa,M,14,"Shark involvement probable, but not confirmed",,N,Desconocido,14
381,2009,egypt,F,50,"Oceanic whitetip shark, 2.5 to 3m",,N,White,50
382,2009,taiwan,M,46,80 kg shark,,N,Desconocido,46
383,2009,usa,M,31,blacktip or spinner shark,,N,Desconocido,31
384,2009,usa,M,49,blacktip or spinner shark,,N,Desconocido,49
385,2009,usa,M,55,blacktip or spinner shark,,N,Desconocido,55
386,2009,guam,M,27,"Blacktip shark, 4'",,N,Desconocido,27
387,2009,usa,M,31,2' to 3' shark,,N,Desconocido,31
388,2009,australia,M,40,2' to 3' shark,,N,Desconocido,40
389,2009,south africa,M,24,Shark involvement not confirmed,,N,Desconocido,24
390,2009,australia,M,17,Bronze whaler shark?,,N,Desconocido,17
391,2009,usa,F,17,3' to 4' shark,,N,Desconocido,17
392,2009,usa,M,61,Thought to involve a cookie cutter shark,,N,Desconocido,61
393,2009,south africa,M,40,"Blue shark, 1m",,N,Desconocido,40
394,2009,australia,M,15,2.6 m shark,,N,Desconocido,15
395,2009,australia,M,33,"White shark, 2.5m ",,N,White,33
396,2009,australia,M,31,"Bull shark, 2.7 m ",,N,Bull,31
397,2009,australia,M,41,"White shark, 12' ",,N,White,41
398,2009,cuba,M,15,Bull shark,,N,Bull,15
399,2009,south africa,M,25,Tiger shark,,N,Tiger,25
400,2009,australia,M,24,"Dusky shark, 2m",,N,Desconocido,24
401,2009,australia,F,13,"White shark, 5m",,N,White,13
402,2009,australia,M,31,"White shark, 3.5m",,N,White,31
403,2009,new zealand,M,49,Broadnose sevengill shark,,N,Desconocido,49
404,2008,australia,M,29,"White shark, 4m to 5m ",,N,White,29
405,2008,australia,M,51,4 to 5m white shark,,N,White,51
406,2008,south africa,M,15,"Raggedtooth shark, 2m",,N,Desconocido,15
407,2008,australia,M,34,"Grey nurse shark, 3m",,N,Grey,34
408,2008,croatia,M,43,5 m white shark,,N,White,43
409,2008,usa,M,40,+3' shark,,N,Desconocido,40
410,2008,australia,M,43,Bronze whaler shark,,N,Desconocido,43
411,2008,usa,M,40,Tiger shark,,N,Tiger,40
412,2008,australia,M,51,3 m shark,,N,Desconocido,51
413,2008,usa,M,52,4' shark,,N,Desconocido,52
414,2008,usa,M,27,Shark involvement not confirmed,,N,Desconocido,27
415,2008,usa,M,26,6' shark,,N,Desconocido,26
416,2008,usa,F,20,Shark involvement not confirmed,,N,Desconocido,20
417,2008,usa,F,38,8' bull shark or Caribbean reef shark,,N,Bull,38
418,2008,australia,M,31,8' white shark or 7-gill shark,,N,White,31
419,2008,usa,F,8,3' to 4' shark,,N,Desconocido,
420,2008,usa,M,16,4' shark,,N,Desconocido,16
421,2008,usa,M,53,Shark involvement prior to death not confirmed,,N,Desconocido,53
422,2008,south africa,M,46,"White shark, 2m",,N,White,46
423,2008,usa,M,37,4.5 to 5' shark,,N,Desconocido,37
424,2008,usa,F,40,"White shark, 15'",,N,White,40
425,2008,usa,F,15,5' shark,,N,Desconocido,15
426,2008,brazil,M,14,Bull shark,,N,Bull,14
427,2008,mexico,M,49,3 m shark,,N,Desconocido,49
428,2008,australia,M,37,"White shark, 4m",,N,White,37
429,2008,new caledonia,M,40,2 small bull sharks,,N,Bull,40
430,2008,mexico,M,24,Tiger shark,,N,Tiger,24
431,2008,usa,M,18,4' shark,,N,Desconocido,18
432,2008,new caledonia,M,32,"Bull shark, 1.8m",,N,Bull,32
433,2008,usa,M,66,"White shark, 12' to 15'",,N,White,66
434,2008,mexico,M,32,"Reported by media as shark attack, but shark involvement prior to death was not confirmed",,N,Desconocido,32
435,2008,australia,M,19,Shark involvement not confirmed; thought to be a barracuda bite,,N,Desconocido,19
436,2008,usa,M,30,1.5' to 2' shark,,N,Desconocido,30
437,2008,australia,M,16,Bull shark,,N,Bull,16
438,2008,usa,M,52,4' to 5' shark,,N,Desconocido,52
439,2008,usa,M,13,2.5' shark,,N,Desconocido,13
440,2008,usa,M,8,Shark involvement not confirmed,,N,Desconocido,
441,2008,usa,M,27,White shark,,N,White,27
442,2008,bahamas,M,49,"A bull shark, according to some of the divers on the boat",,N,Bull,49
443,2008,australia,M,20,"Mako shark, 90kg",,N,Desconocido,20
444,2007,australia,M,31,2 m shark,,N,Desconocido,31
445,2007,australia,M,34,Not a shark attack; it was a hoax,,N,Desconocido,34
446,2007,usa,M,52,Tiger shark,,N,Tiger,52
447,2007,south africa,M,14,1.5 to 2 m shark,,N,Desconocido,14
448,2007,usa,M,21,4' to 5' shark,,N,Desconocido,21
449,2007,usa,M,42,5' shark,,N,Desconocido,42
450,2007,south africa,M,37,"White shark, 3m to 4m",,N,White,37
451,2007,usa,M,32,Tiger shark,,N,Tiger,32
452,2007,australia,F,52,"White shark, 2.5m ",,N,White,52
453,2007,australia,M,31,Bronze whaler shark,,N,Desconocido,31
454,2007,usa,M,22,3' to 4' shark,,N,Desconocido,22
455,2007,usa,M,16,"Blacktip shark, 5'",,N,Desconocido,16
456,2007,new caledonia,F,23,Tiger shark,,N,Tiger,23
457,2007,bahamas,F,48,Caribbean reef shark,,N,Desconocido,48
458,2007,egypt,F,18 or 20,Oceanic whitetip sharks were in the vicinity,,N,White,18
459,2007,usa,M,23,3' shark,,N,Desconocido,23
460,2007,usa,F,Teen,9.5' shark?,,N,Desconocido,
461,2007,usa,M,14,"Nurse shark, 2' to 3' ",,N,Desconocido,14
462,2007,usa,F,12,"18"" to 24"" shark",,N,Desconocido,12
463,2007,usa,M,58,Possibly a spinner shark,,N,Desconocido,58
464,2007,usa,M,15,"Tiger shark, 10' to 12' ",,N,Tiger,15
465,2007,usa,M,24,"White shark, 12'",,N,White,24
466,2007,usa,M,54,3' shark,,N,Desconocido,54
467,2007,usa,M,27,3' shark,,N,Desconocido,27
468,2007,usa,M,16,4' to 5' shark,,N,Desconocido,16
469,2007,usa,M,20,Possibly a 6' bull shark,,N,Bull,20
470,2007,usa,F,15,_,,N,Desconocido,15
471,2007,usa,F,19,Possibly a 10' bull shark,,N,Bull,19
472,2007,usa,M,36,_,,N,Desconocido,36
473,2007,australia,M,15,"Bronze whaler shark, 1.5 m ",,N,Desconocido,15
474,2007,usa,M,14,2' to 3' shark,,N,Desconocido,14
475,2007,usa,F,43,Shark involvement not confirmed,,N,Desconocido,43
476,2007,usa,F,30,5' shark,,N,Desconocido,30
477,2007,bahamas,F,48,"Bull shark, 5' ",,N,Bull,48
478,2007,usa,M,20,4' shark,,N,Desconocido,20
479,2007,usa,F,9,Shark involvement not confirmed,,N,Desconocido,
480,2007,usa,F,40,A 10-year-old 94-pound pregnant blacktip reef shark,,N,Desconocido,40
481,2007,england,M,38,"Lesser spotted dogfish, Scyliorhinus canicula, less than 80 cm in length",,N,Desconocido,38
482,2007,australia,F,38,2.5 m shark,,N,Desconocido,38
483,2007,australia,M,19,10' shark,,N,Desconocido,19
484,2007,usa,F,21,4' to 5' shark,,N,Desconocido,21
485,2007,australia,M,45,Shark involvement prior to death was not confirmed,,N,Desconocido,45
486,2007,usa,F,63,"Tiger shark, 14' ",,N,Tiger,63
487,2007,usa,M,68,6' to 8' shark,,N,Desconocido,68
488,2007,australia,F,13,"""a small shark""",,N,Desconocido,13
489,2007,usa,M,12,blacktip or spinner shark,,N,Desconocido,12
490,2007,usa,M,24,3' to 4' shark,,N,Desconocido,24
491,2007,new caledonia,M,26,Tiger shark,,N,Tiger,26
493,2007,usa,M,11,4' to 5' shark,,N,Desconocido,11
494,2007,australia,F,42,1.5 m shark,,N,Desconocido,42
495,2007,australia,F,59,2 to 2.5 m shark,,N,Desconocido,59
496,2007,new caledonia,M,30,Tiger shark,,N,Tiger,30
497,2007,australia,M,41,"White shark, 3m",,N,White,41
498,2007,south africa,M,24,Tiger shark,,N,Tiger,24
499,2007,usa,M,54,"24"" to 30"" shark",,N,Desconocido,54
500,2007,usa,M,24,"6' to 8' shark, possibly a tiger shark",,N,Tiger,24
501,2006,australia,M,25,2.5 to 3 m shark,,N,Desconocido,25
502,2006,new zealand,M,10,2 to 3 m shark,,N,Desconocido,10
503,2006,usa,M,43,"White shark, 12' to 15' ",,N,White,43
504,2006,south africa,M,25,"Raggedtooth shark, 150-kg",,N,Desconocido,25
505,2006,australia,M,15,"White shark, 5m ",,N,White,15
506,2006,usa,M,29,2 m to 3 m shark,,N,Desconocido,29
507,2006,usa,M,22,"White shark, 16' ",,N,White,22
508,2006,usa,M,18,3' to 3.5' shark,,N,Desconocido,18
509,2006,usa,M,55,Spinner shark,,N,Desconocido,55
510,2006,australia,M,44,No shark involvement,,N,Desconocido,44
511,2006,usa,M,33,3' shark,,N,Desconocido,33
512,2006,south africa,M,24,White shark,,N,White,24
513,2006,usa,M,41,White shark?,,N,White,41
514,2006,south africa,M,19,"White shark, 3m to 4m",,N,White,19
515,2006,usa,M,14,_,,N,Desconocido,14
516,2006,usa,M,49,"Angel shark, 1.2m ",,N,Desconocido,49
517,2006,usa,F,14,5' to 6' spinner or bull shark,,N,Bull,14
518,2006,usa,F,22,Possibly a 1' to 3' blacktip or spinner shark,,N,Desconocido,22
519,2006,usa,M,24,2' to 3' shark,,N,Desconocido,24
520,2006,usa,F,7,3' to 4' shark,,N,Desconocido,
521,2006,australia,M,40,14' white shark,,N,White,40
522,2006,usa,M,26,"Tiger shark, 8' to 12'",,N,Tiger,26
523,2006,usa,M,15,"Grey reef shark, 5' to 8' ",,N,Grey,15
524,2006,usa,F,30s,"Tiger shark, 10' to 12'",,N,Tiger,30
525,2006,australia,M,46,"Wobbegong shark, 2 m ",,N,Desconocido,46
526,2006,usa,M,35,"Bull shark, 4' to bull shark",,N,Bull,35
527,2006,australia,M,15,"Bronze whaler shark, a  juvenile ",,N,Desconocido,15
528,2006,south africa,M,15,"Raggedtooth shark, 2.5 m to 3 m ",,N,Desconocido,15
529,2006,brazil,M,35,Tiger shark,,N,Tiger,35
530,2006,usa,F,28,"Tiger shark, 10'  ",,N,Tiger,28
531,2006,fiji,M,21,"Tiger shark, 5' ",,N,Tiger,21
532,2006,australia,M,15,"Bronze whaler shark, 2 m",,N,Desconocido,15
533,2006,usa,F,15,5' to 7' shark,,N,Desconocido,15
534,2006,usa,M,45,Invalid,,N,Desconocido,45
535,2006,south africa,M,15,Raggedtooth shark,,N,Desconocido,15
536,2006,tonga,F,24,Tiger shark,,N,Tiger,24
537,2006,usa,M,57,12' to 18' shark,,N,Desconocido,57
538,2006,australia,M,52,3.5 m white shark,,N,White,52
539,2006,australia,F,21,Bull shark,,N,Bull,21
540,2006,usa,M,21,4' shark,,N,Desconocido,21
541,2005,usa,M,30,White shark,,N,White,30
542,2005,usa,M,29,Tiger shark,,N,Tiger,29
543,2005,australia,M,44,Whitetip reef shark,,N,White,44
544,2005,usa,M,23,4' shark,,N,Desconocido,23
545,2005,australia,M,18,1.8 m shark,,N,Desconocido,18
546,2005,usa,M,30s,4' shark,,N,Desconocido,30
547,2005,south africa,M,32,"Raggedtooth shark, 2.5m ",,N,Desconocido,32
548,2005,usa,M,18,6' shark,,N,Desconocido,18
549,2005,usa,M,26,12' to 14' white shark,,N,White,26
550,2005,st. maartin,M,55,2' shark,,N,Desconocido,55
551,2005,south africa,M,20,3 m shark,,N,Desconocido,20
552,2005,usa,M,36,White shark,,N,White,36
553,2005,usa,F,20,18' white shark,,N,White,20
554,2005,usa,M,22,"Tiger shark, less than 10'",,N,Tiger,22
555,2005,grand cayman,F,57,Caribbean reef sharks,,N,Desconocido,57
556,2005,south africa,M,52,White shark,,N,White,52
557,2005,australia,M,26,14' to 16' white shark,,N,White,26
558,2005,australia,M,44,Bronze whaler shark,,N,Desconocido,44
559,2005,usa,F,68,3' to 4' shark,,N,Desconocido,68
560,2005,usa,F,18,Bull shark,,N,Bull,18
561,2005,australia,M,40,4 m [13'] white shark,,N,White,40
562,2005,australia,M,23,White shark,,N,White,23
563,2005,usa,M,37,juvenile white shark,,N,White,37
564,2005,usa,M,17,Shark involvement not confirmed,,N,Desconocido,17
565,2005,usa,M,8,Possibly a sandbar shark or small blacktip shark,,N,Desconocido,
566,2005,usa,M,16,1.8 m [6'] shark,,N,Desconocido,16
567,2005,usa,M,25,Shark involvement not confirmed,,N,Desconocido,25
568,2005,usa,M,22,[4.5' to 5'] shark,,N,Desconocido,22
569,2005,usa,F,14,[4' to 5'],,N,Desconocido,14
570,2005,usa,M,16,Bull shark,,N,Bull,16
571,2005,usa,F,14,1.8 m [6'] bull shark,,N,Bull,14
572,2005,vanuatu,F,7,"On 8/13/2005 anglers from New Zealand caught a 2.8 m [9'3""], 140-kg [309-lb] shark at the same spot. It was believed this was the same shark that killed Alysha",,N,Desconocido,
573,2005,usa,M,49,Invalid,,N,Desconocido,49
574,2005,usa,M,20,"Unknown, but it was reported that a shark tooth was recovered from the wound",,N,Desconocido,20
575,2005,usa,M,17,"Mr. Burgess of ISAF announced the injury was the bite of a 1.8 m [6'], 2- to 3-year old white shark. Subsequent investigation revealed there was  no shark involvement in this incident",,N,White,17
576,2005,south africa,M,22,White shark,,N,White,22
577,2005,usa,M,33,"""small shark""",,N,Desconocido,33
578,2005,south africa,M,32,Raggedtooth shark,,N,Desconocido,32
579,2005,usa,M,47,"Tiger shark, 3 m [10']",,N,Tiger,47
580,2005,australia,M,25,"Mako shark, 1.5 m [5'] ",,N,Desconocido,25
581,2005,australia,M,40,Bronze whaler shark,,N,Desconocido,40
582,2005,south africa,M,32,4 m [13'] shark,,N,Desconocido,32
583,2005,australia,M,26,6 m [20'] white shark,,N,White,26
584,2005,usa,M,45,"Sandtiger shark, 2.1 m [7'] ",,N,Tiger,45
585,2005,new zealand,M,39,White shark,,N,White,39
586,2004,australia,M,18,4.5 m & 5 m white shark ,,N,White,18
587,2004,australia,M,38,Bull shark,,N,Bull,38
588,2004,south africa,M,20,Raggedtooth shark,,N,Desconocido,20
589,2004,south africa,F,77,6 m [20'] white shark,,N,White,77
590,2004,usa,lli,38,5.5 m [18'] white shark,,N,White,38
591,2004,cuba,M,40,2.5 m [8.25'] bull shark,,N,Bull,40
592,2004,south africa,M,52,2 m [6.75'] white shark,,N,White,52
593,2004,australia,M,59,"Bronze whaler shark, 2.4 m [8'] ",,N,Desconocido,59
594,2004,usa,M,34,"Tiger shark, 2.4 m to 3.7 m [8' to 12'] ",,N,Tiger,34
595,2004,south africa,M,34,"Raggedtooth shark, 1.5 to 2 m [5' to 6.75']",,N,Desconocido,34
596,2004,reunion,M,15,Thought to involve a 2.5 m bull or tiger shark,,N,Tiger,15
597,2004,usa,M,26,White shark,,N,White,26
598,2004,usa,F,17,2.4 m [8'] shark,,N,Desconocido,17
599,2004,brazil,M,24,"Tiger shark, 1.5 m ",,N,Tiger,24
600,2004,usa,M,50,4.9 m to 5.5 m [16' to 18'] white shark,,N,White,50
601,2004,usa,M,47,1.2 m [4'] shark,,N,Desconocido,47
602,2004,usa,F,13,1.8 m [6'] shark,,N,Desconocido,13
603,2004,usa,F,19,1.2 m to 1.5 m [4' to 5'] shark,,N,Desconocido,19
604,2004,usa,M,11,Bull shark,,N,Bull,11
605,2004,australia,M,30,"2 sharks, 4.5 m & 3 m ",,N,Desconocido,30
606,2004,usa,M,7,4' to 5' shark,,N,Desconocido,
607,2004,usa,M,45,"9'2"" white shark",,N,White,45
608,2004,australia,M,17,"Bronze whaler shark, 2.5 m [8.25'] ",,N,Desconocido,17
609,2004,usa,M,8,1.2 m [4'] shark,,N,Desconocido,
610,2004,south africa,M,21,White shark,,N,White,21
611,2004,usa,M,16,0.9 m to 1.5 m [3' to 5'] shark,,N,Desconocido,16
612,2004,brazil,M,17,Bull shark,,N,Bull,17
613,2004,usa,M,44,2.4 m to 3.7 m [8' to 12'] shark,,N,Desconocido,44
614,2004,bahamas,M,63,"1,5 m [5'] Caribbean reef shark (Carcharhinus  perezi)",,N,Desconocido,63
615,2004,usa,M,28,"Mako shark, 1.8 m [6']",,N,Desconocido,28
616,2004,usa,M,57,Tiger shark,,N,Tiger,57
617,2004,south africa,M,16,5 m [16.5'] white shark,,N,White,16
618,2004,usa,M,20,1.2 m [4'] bull shark,,N,Bull,20
619,2004,brazil,M,22,bull shark,,N,Bull,22
620,2004,reunion,M,20,2.5 m shark,,N,Desconocido,20
621,2004,usa,M,51,"Tiger shark, 2.4 m to 3 m [8' to 10'] ",,N,Tiger,51
622,2004,new zealand,M,15,2 m [6.75'] sevengill  shark,,N,Desconocido,15
623,2004,australia,M,31,Shark involvement not confirmed,,N,Desconocido,31
624,2004,australia,M,46,4 m to 5 m [13' to 16.5'] white shark,,N,White,46
625,2004,venezuela,M,40,"Bull shark, 132-kg [291-lb] ",,N,Bull,40
626,2003,south africa,M,21,"Tiger shark, 4 m [13']  ?",,N,Tiger,21
627,2003,usa,F,35,4' shark,,N,Desconocido,35
628,2003,usa,M,18,1.2 m to 1.5 m [4' to 5'] shark,,N,Desconocido,18
629,2003,australia,M,22,"1.5 m [5'] shark, either a bronze whaler or a grey nurse shark",,N,Grey,22
630,2003,usa,F,13,"Tiger shark, 14' ",,N,Tiger,13
631,2003,usa,M,56,Shark involvement not confirmed,,N,Desconocido,56
632,2003,usa,M,19,1.2 m [4'] shark,,N,Desconocido,19
633,2003,usa,F,41,"1.2 m [4'] ""grey-colored shark""",,N,Grey,41
634,2003,usa,M,30,3' shark,,N,Desconocido,30
635,2003,usa,F,8 or 10,Shark involvement doubtful,,N,Desconocido,10
636,2003,usa,M,18,6' shark,,N,Desconocido,18
637,2003,usa,M,15,7' shark,,N,Desconocido,15
638,2003,south africa,M,19,White shark,,N,White,19
639,2003,usa,F,50,4.5 m to 5.5 m [15' to 18'] white shark,,N,White,50
640,2003,usa,M,31,Shark involvement not confirmed,,N,Desconocido,31
641,2003,south africa,M,16,3.5 m [11.5'] white shark,,N,White,16
642,2003,bahamas,M,58,Unidentified species,,N,Desconocido,58
643,2003,usa,M,10,2' shark,,N,Desconocido,10
644,2003,bahamas,M,39,2.1 m  [7'] bull shark,,N,Bull,39
645,2003,usa,M,17,Unidentified species,,N,Desconocido,17
646,2003,usa,M,15,106 cm [3.5']  shark,,N,Desconocido,15
647,2003,usa,F,12,small brown shark,,N,Desconocido,12
648,2003,usa,M,60,3.7 m to 4.3 m [12' to 14'] shark,,N,Desconocido,60
649,2003,usa,M,33,"""sand shark""",,N,Desconocido,33
650,2003,usa,M,22,3' to 5' shark,,N,Desconocido,22
651,2003,usa,M,20,1.8 m [6'] reef shark - or a 2.1 m to 2.4 m [7' to 8'] grey-colored shark,,N,Grey,20
652,2003,usa,M,34,4' to 5' shark,,N,Desconocido,34
653,2003,brazil,M,17,Bull shark,,N,Bull,17
654,2003,usa,M,36,Unidentified species,,N,Desconocido,36
656,2003,usa,M,30,Unidentified species,,N,Desconocido,30
657,2003,usa,M,23,0.9 m to 1.2 m [3' to 4'] shark,,N,Desconocido,23
658,2003,usa,M,18,Unidentified species,,N,Desconocido,18
659,2003,usa,M,11,A small shark,,N,Desconocido,11
660,2003,usa,M,12,Unidentified species,,N,Desconocido,12
661,2003,usa,M,20,"15 cm to 20 cm [6"" to 8""] bite diameter just below left knee",,N,Desconocido,20
662,2003,venezuela,M,28,"Mako shark, 3 m [10']",,N,Desconocido,28
663,2003,usa,M,50,4' to 5' shark,,N,Desconocido,50
664,2003,new zealand,M,44,2.5 m [8.25'] white shark,,N,White,44
665,2003,australia,M,37,"""a small shark""",,N,Desconocido,37
666,2003,usa,M,54,Species unidentified,,N,Desconocido,54
667,2003,australia,M,24,Thought to involve a 2 m [6.75'] grey nurse shark,,N,Grey,24
668,2003,australia,M,84,Thought to involve a >2 m [6.75'] bull shark,,N,Bull,84
669,2003,south africa,M,14,Shark involvement prior to death was not confirmed,,N,Desconocido,14
670,2002,south africa,M,25,"White shark, 4 m white shark",,N,White,25
671,2002,australia,M,23,Bull shark,,N,Bull,23
672,2002,usa,M,48,3 m to 4.5 m [10' to 15'] white shark,,N,White,48
673,2002,usa,F,34,2.4 m to 3 m [8' to 10'] grey colored shark,,N,Grey,34
674,2002,turks & caicos,F,41,1.8 m to 2.1 m [6' to 7']  Caribbean Reef Shark ,,N,Desconocido,41
675,2002,usa,M,21,6' shark,,N,Desconocido,21
676,2002,usa,M,16,3' to 4' shark,,N,Desconocido,16
677,2002,usa,F,60,A small shark,,N,Desconocido,60
678,2002,brazil,M,36,Possibly a bull shark or tiger shark,,N,Tiger,36
679,2002,usa,M,14,Blacktip or spinner shark,,N,Desconocido,14
680,2002,usa,M,35,3.5' to 4.5' shark,,N,Desconocido,35
681,2002,usa,M,18,3.5' to 4' shark,,N,Desconocido,18
682,2002,usa,M,47,4' to 5' shark,,N,Desconocido,47
683,2002,usa,M,55,1.2 m [4'] blacktip shark,,N,Desconocido,55
684,2002,usa,M,  ,1.8 m [6'] blacktip shark,,N,Desconocido,
685,2002,tonga,M,_,"Tiger shark, 1.5 m [5']k",,N,Tiger,
686,2002,usa,M,24,2.4 m [8'] shark,,N,Desconocido,24
687,2002,usa,M,35,3 m to 3.7 m [10' to 12'] shark,,N,Desconocido,35
688,2002,brazil,M,19,Bull or tiger shark,,N,Tiger,19
689,2002,south africa,M,47,White shark,,N,White,47
690,2002,usa,M,20,4' to 6' shark,,N,Desconocido,20
691,2002,usa,M,36,1' to 2' hammerhead or bonnethed shark,,N,Desconocido,36
692,2002,usa,M,16,"Tiger shark, 2.4 m to 3 m [8' to 10'] ",,N,Tiger,16
693,2002,usa,M,27,0.9 m  to 1.2 m [3' to 4'] shark,,N,Desconocido,27
694,2002,usa,M,15,"Nurse shark, 1.5 m [5'] ",,N,Desconocido,15
695,2002,usa,M,14,1.2 m to 1.5 m [4' to 5'] shark,,N,Desconocido,14
696,2002,usa,M,13,1.2 m [4'] blacktip or sandbar shark,,N,Desconocido,13
697,2002,usa,F,15,"Bull shark, 1.8 m to 2.1 m [6' to 7'] ",,N,Bull,15
698,2002,usa,M,41,"Mako shark, 400-lb ",,N,Desconocido,41
699,2002,brazil,M,22,Bull or tiger shark,,N,Tiger,22
700,2002,usa,F,9,"1.2 m to 1.5 m [4' to 5'] shark, possibly a bull shark",,N,Bull,
701,2002,usa,M,28,0.9 m to 1.2 m [3' to 4'] shark; Tooth fragment recovered from hand,,N,Desconocido,28
702,2002,usa,M,50,  ,,N,Desconocido,50
703,2002,south africa,M,50,1.5 to 2.5 m [5' to 8.25'] copper shark,,N,Desconocido,50
704,2002,usa,M,24,3.7 m to 4.3 m [12' to 14'] white shark,,N,White,24
705,2002,usa,M,16,1 m  shark,,N,Desconocido,16
706,2002,usa,M,55,3' blacktip shark,,N,Desconocido,55
707,2002,australia,M,23,"White shark, 6m [20']",,N,White,23
708,2002,usa,M,34,1.2 m [4'] shark,,N,Desconocido,34
709,2002,bahamas,M,43,"Bull shark, 400-lb ",,N,Bull,43
710,2002,usa,M,41,3'  shark,,N,Desconocido,41
711,2002,usa,M,29,0.9 m [3'] shark,,N,Desconocido,29
712,2002,usa,M,17,Tiger shark,,N,Tiger,17
713,2002,usa,F,11,  ,,N,Desconocido,11
714,2002,usa,M,20,4' shark,,N,Desconocido,20
715,2002,usa,M,39,"Nurse shark, 1m ",,N,Desconocido,39
716,2002,usa,M,31,"Spinner shark, 3' to 4' ",,N,Desconocido,31
717,2002,australia,M,30 or 36,"1.5 m [5'] ""whaler shark""",,N,Desconocido,30
718,2002,australia,M,35,C. leucas tooth fragment recovered from kayak,,N,Desconocido,35
719,2002,australia,M,20,"Tiger shark, 3 m [10']",,N,Tiger,20
720,2002,south africa,M,16,Zambesi shark?,,N,Desconocido,16
721,2002,south africa,M,26,Unidentified,,N,Desconocido,26
722,2002,usa,M,35,"Tiger shark, 1.8 m [6'] ",,N,Tiger,35
723,2001,australia,F,20,Bronze whaler shark?,,N,Desconocido,20
724,2001,mexico,M,26,"Tiger shark, 1.8 m [6']",,N,Tiger,26
725,2001,usa,M,21,4' shark,,N,Desconocido,21
726,2001,usa,M,42,Questionable incident - shark bite may have precipitated drowning,,N,Desconocido,42
727,2001,usa,M,6½,2' to 3.5' shark,,N,Desconocido,
728,2001,usa,M,28,A large white shark was filmed by divers on a local wreck 2 days prior to the incident.,,N,White,28
729,2001,usa,F,23,A large white shark was filmed by divers on a local wreck 2 days prior to the incident.,,N,White,23
730,2001,usa,M,20,1.5 m [5'] shark,,N,Desconocido,20
731,2001,usa,M,10,bull shark,,N,Bull,10
732,2001,bahamas,M,44,3 m [10'] bull shark,,N,Bull,44
733,2001,usa,M,17,a small shark,,N,Desconocido,17
734,2001,usa,M,20,Possibly  a blacktip or spinner shark,,N,Desconocido,20
735,2001,usa,M,19,"3' shark, possibly  a blacktip or spinner shark",,N,Desconocido,19
736,2001,usa,M,19,"Blacktip shark, 5' to 6' ",,N,Desconocido,19
737,2001,bahamas,M,43,1.9 m [6.5'] bull shark,,N,Bull,43
738,2001,usa,M,18,0.9 m  [3'] shark,,N,Desconocido,18
739,2001,usa,M,8,"Bull shark, 2.3 m [7.5'] ",,N,Bull,
740,2001,usa,M,52,"White shark, 2.4 m to 3 m [8' to 10'] ",,N,White,52
741,2001,usa,F,29,2' shark,,N,Desconocido,29
742,2001,usa,M,45,1.2 m to 1.5 m [4' to 5'] shark,,N,Desconocido,45
743,2001,usa,M,12,Possibly a juvenile blacktip or spinner shark,,N,Desconocido,12
744,2001,usa,M,21,Possibly a juvenile blacktip or spinner shark,,N,Desconocido,21
746,2001,usa,M,22,Possibly a 1.5 m [5'] blacktip or spinner shark,,N,Desconocido,22
747,2001,usa,M,19,Possibly a juvenile blacktip or spinner shark,,N,Desconocido,19
748,2001,south africa,M,46,"White shark, 2.7 m [9'] ",,N,White,46
749,2001,usa,M,26,"""small shark""",,N,Desconocido,26
750,2001,australia,M,40,Bronze whaler shark,,N,Desconocido,40
751,2001,australia,M,40,"Bronze whaler shark, 2.5 m [8.25']  k",,N,Desconocido,40
752,2000,fiji,M,47,6 m [20'] shark,,N,Desconocido,47
753,2000,australia,M,38,"Bronze whaler shark, 2.5 m [8.25'] ",,N,Desconocido,38
754,2000,usa,M,73,1.2 m to 1.8 m [4' to 6'] shark,,N,Desconocido,73
755,2000,australia,M,52,"White shark, 4.9 m [16'] ",,N,White,52
756,2000,australia,M,49,"White shark, 5 m [16.5'] ",,N,White,49
757,2000,usa,M,27,"White shark, 2.4 m to 3 m [8' to 10'] ",,N,White,27
758,2000,usa,F,56,"Tiger shark, 1.8 m to 2.4 m [6' to 8'] ",,N,Tiger,56
759,2000,usa,M,17,2.1 to 2.4 m [7' to 8'] shark,,N,Desconocido,17
760,2000,usa,M,23,"Blacktip shark, 2' ",,N,Desconocido,23
761,2000,australia,M,17,White shark,,N,White,17
762,2000,australia,M,25,"White shark, 4 m to 5 m [13' to 16.5'] ",,N,White,25
763,2000,okinawa,M,31,"White shark, 2.5 m ",,N,White,31
764,2000,usa,M,25,60 cm to 90 cm [2' to 3'] shark,,N,Desconocido,25
765,2000,south africa,M,48,"White shark, 3.5 m [11.5']  male ",,N,White,48
766,2000,usa,M,40,1.5 m [5'] shark,,N,Desconocido,40
767,2000,reunion,M,27,"Tiger shark, 3 m [10'] ",,N,Tiger,27
768,2000,usa,M,47,A 2' shark was seen in the area by witnesses,,N,Desconocido,47
769,2000,usa,M,69,"Thought to involve a 2.7 m [9'], 400-lb bull shark",,N,Bull,69
770,2000,usa,M,53,"Tiger shark, 3.7 m to 4.5 m [12' to 14'9""]  ",,N,Tiger,53
771,2000,usa,M,27,juvenile shark,,N,Desconocido,27
772,2000,usa,F,44,"Blacktip shark, 2.4 m to 3 m [8' to 10'] ",,N,Desconocido,44
773,2000,usa,F,12,"Tiger shark, 0.9 m to 1.5 m [3' to 5'] ?",,N,Tiger,12
774,2000,usa,F,55,"Nurse shark, 1.2 m [4'] ",,N,Desconocido,55
775,2000,usa,F,13,0.9 m [3'] shark,,N,Desconocido,13
776,2000,usa,F,19,"0.9 m [3'] shark,  probably a blacktip or spinner shark",,N,Desconocido,19
777,2000,usa,M,17,"Blacktip shark, 1.2 m to 1.8 m [4' to 6'] ",,N,Desconocido,17
778,2000,usa,M,55,Bull shark?,,N,Bull,55
779,2000,usa,M,44,Bull shark,,N,Bull,44
780,2000,australia,M,26,2.5 m shark,,N,Desconocido,26
781,2000,usa,F,14,1.8 m [6'] shark,,N,Desconocido,14
782,2000,usa,M,37,1.2 m [4'] shark,,N,Desconocido,37
783,2000,new caledonia,M,35,Tiger shark?,,N,Tiger,35
784,2000,usa,M,39,"Shortfin mako shark, 3 m to 3.4 m [10' to 11'] ",,N,Desconocido,39
785,1999,brazil,M,39,Shark involvement not confirmed,,N,Desconocido,39
786,1999,usa,F,51,"Tiger shark, 1.8 m to 2.4 m [6' to 8'] ",,N,Tiger,51
787,1999,brazil,M,39,1.3 to 1.6 m shark,,N,Desconocido,39
788,1999,usa,M,16,"Tiger shark, 1.8 m to 2.4 m [6' to 8'] ",,N,Tiger,16
789,1999,usa,M,37,White shark,,N,White,37
790,1999,usa,M,28,"""a small shark""",,N,Desconocido,28
791,1999,marshall islands,M,23,7' shark,,N,Desconocido,23
792,1999,usa,M,10,1.8 m [6'] shark,,N,Desconocido,10
793,1999,usa,M,62,4' to 5' shark,,N,Desconocido,62
794,1999,bahamas,M,35,2.7 m [9']  bull shark or Caribbean reef shark,,N,Bull,35
795,1999,south africa,M,42,"White shark, 3 m to 5 m [10' to 16.5'] ",,N,White,42
796,1999,usa,M,43,"Bull shark, 2.1 m [7']",,N,Bull,43
797,1999,usa,M,43,"Tiger shark, 1.8 m to 2.4 m [6' to 8'] ",,N,Tiger,43
798,1999,south africa,M,14,White shark,,N,White,14
799,1999,usa,F,30,"Blacktip shark, 1.8 m [6'] ",,N,Desconocido,30
800,1999,south africa,M,29,"White shark, 4 m [13'] ",,N,White,29
801,1999,usa,M,21,3' to 4' shark,,N,Desconocido,21
802,1999,usa,M,5,Blacktip or spinner shark,,N,Desconocido,
803,1999,australia,M,22,Thought to involve a white shark,,N,White,22
804,1999,brazil,M,21,"Tiger shark, 2.5 m [8.25']",,N,Tiger,21
805,1999,mauritius,F,41,"Grey reef shark, 1.5 m ",,N,Grey,41
806,1999,reunion,M,52,3 bull sharks,,N,Bull,52
807,1999,usa,F,29,3.7 m to 4.6 m [12' to 15'] shark seen in the vicinity,,N,Desconocido,29
808,1999,australia,M,35,Bronze whaler or tiger shark,,N,Tiger,35
809,1999,usa,M,25,Spinner shark,,N,Desconocido,25
810,1999,south africa,M,30,"White shark, 4.6 m [15'] ",,N,White,30
811,1998,south africa,M,18,Possibly a white shark,,N,White,18
812,1998,usa,M,9,Tiger shark,,N,Tiger,
813,1998,usa,M,14,1.2 m [4'] shark,,N,Desconocido,14
814,1998,usa,M,13,"A ""small shark""",,N,Desconocido,13
815,1998,brazil,M,22,Though to involve a white shark,,N,White,22
816,1998,usa,M,26,3' to 4' shark,,N,Desconocido,26
817,1998,usa,M,16,"White shark, 5 m to 6 m [16.5' to 20'] ",,N,White,16
818,1998,bahamas,M,28,"Caribbean reef shark, 1.2 m to 1.5 m [4' to 5'] ",,N,Desconocido,28
819,1998,south africa,M,24,"White shark, 4.9 m [16']",,N,White,24
820,1998,south africa,M,16,5' to 6' shark,,N,Desconocido,16
821,1998,australia,M,26,Thought to involve a 5.5 m white shark named Kong,,N,White,26
822,1998,south africa,M,20,White shark,,N,White,20
823,1998,south africa,M,15,3 m to 4 m [10' to 13'] white shark,,N,White,15
824,1998,south africa,M,16,Unidentified,,N,Desconocido,16
825,1998,usa,M,40,"Lemon shark, 1.5 m [5'], identified  by the surfer",,N,Lemon,40
826,1998,usa,F,14,"1.8 m [6'] shark, possibly a blacktip",,N,Desconocido,14
827,1998,south africa,M,22,4 m [13'] white shark,,N,White,22
828,1998,mozambique,F,35,3 m [10'] shark,,N,Desconocido,35
829,1998,usa,M,50,5 m [16.5'] white shark,,N,White,50
830,1998,south africa,M,33,3 m [10'] white shark,,N,White,33
831,1998,usa,M,32,5' spinner shark,,N,Desconocido,32
832,1998,australia,M,31,Shark involvement not confirmed,,N,Desconocido,31
833,1998,mozambique,M,23,Small dusky shark or blackfin shark,,N,Desconocido,23
834,1997,south africa,M,39,White shark,,N,White,39
835,1997,australia,M,42,White shark,,N,White,42
836,1997,usa,M,19,"Tiger shark, 4 m to 4.3 m [13' to 14'] ",,N,Tiger,19
837,1997,usa,M,23,Possibly a blacktip shark,,N,Desconocido,23
838,1997,usa,M,12,1.2 m to 1.5 m [4' to 5'] shark,,N,Desconocido,12
839,1997,usa,M,29,5 m [16.5'] white shark,,N,White,29
840,1997,usa,M,17,juvenile shark,,N,Desconocido,17
841,1997,usa,M,19,"""juvenile shark""",,N,Desconocido,19
842,1997,south africa,M,25,4.5 m white shark,,N,White,25
843,1997,usa,M,50,Blacktip shark,,N,Desconocido,50
844,1997,fiji,F,47,"Tiger shark, 2.7m  [9']",,N,Tiger,47
845,1997,usa,M,18,Possibly a spinner shark,,N,Desconocido,18
846,1997,usa,M,33,1.2 m [4'] shark (spinner shark?),,N,Desconocido,33
847,1997,usa,M,35,4' shark,,N,Desconocido,35
848,1997,usa,M,34,Possibly a sand shark,,N,Desconocido,34
849,1997,usa,M,12,Possibly a sand shark,,N,Desconocido,12
850,1997,australia,M, 30,"Tiger shark, 2m to 3m ",,N,Tiger,30
851,1997,australia,M,27,1.8 m to 2.1 m [6' to 7'] shark,,N,Desconocido,27
852,1997,australia,M,41,"Tiger shark, 4.5 m [14'9""]",,N,Tiger,41
853,1996,usa,M,45,3 m to 5 m [10' to 16.5'] white shark,,N,White,45
854,1996,usa,M,22,5.5 m to 6 m [18' to 20'] white shark,,N,White,22
855,1996,usa,M,21,1.2 m [4'] shark,,N,Desconocido,21
856,1996,usa,M,31,5 m [16.5'] white shark,,N,White,31
857,1996,new zealand,M,23,White shark,,N,White,23
858,1996,usa,M,19,"""a young shark""",,N,Desconocido,19
859,1996,usa,F,28,Shark involvement not confirmed,,N,Desconocido,28
860,1996,south africa,M,29,White shark,,N,White,29
861,1996,usa,M,19,"Tiger shark, 2.4 m [8'] ",,N,Tiger,19
862,1996,usa,M,36,6 m [20'] white shark,,N,White,36
863,1996,usa,M,21,1.8 m to 2.1 m [6' to 7'] hammerhead shark,,N,Desconocido,21
864,1996,usa,F,63,5' to 6' shark,,N,Desconocido,63
865,1996,south africa,M,17,2.5 m [8.25'] white shark ,,N,White,17
866,1996,usa,M,22,1.2 m [4'] shark,,N,Desconocido,22
867,1996,usa,M,27,60 cm to 90 cm [2' to 3'] blacktip or spinner shark,,N,Desconocido,27
868,1996,australia,F,47,Tiger shark,,N,Tiger,47
869,1996,australia,M,24,Bronze whaler shark,,N,Desconocido,24
870,1996,australia,M,7,"""reef shark""",,N,Desconocido,
871,1996,usa,M,53,Possibly a tiger shark,,N,Tiger,53
872,1996,reunion,M,25,"Tiger shark, 300-kg [662-lb] ",,N,Tiger,25
873,1995,australia,F,15,4 m shark,,N,Desconocido,15
874,1995,usa,M,39,1.2 m to 1.5 m [4' to 5']   shark,,N,Desconocido,39
875,1995,usa,M,14,1.5 to 1.8 m [5' to 6'] shark,,N,Desconocido,14
876,1995,usa,M,25,4 m [13'] white shark,,N,White,25
877,1995,australia,M,29,White shark,,N,White,29
878,1995,usa,M,32,3 m to 4 m [10' to 13'] white shark,,N,White,32
879,1995,usa,M,16,5' shark,,N,Desconocido,16
880,1995,usa,M,18,"""a small shark""",,N,Desconocido,18
881,1995,usa,M,16,1.2 m to 1.5 m [4' to 5'] shark,,N,Desconocido,16
882,1995,usa,M,23,"""sand"" shark",,N,Desconocido,23
883,1995,usa,M,19,"""small shark""",,N,Desconocido,19
884,1995,tonga,M,18,"""small shark""",,N,Desconocido,18
885,1995,usa,M,20,1.8 m [6'] shark,,N,Desconocido,20
886,1995,usa,M,12,1.2 m to 1.5 m [4' to 5'] shark,,N,Desconocido,12
887,1995,usa,M,31,6 m [20'] white shark,,N,White,31
888,1995,usa,M,45,1.8 m [6'] shark,,N,Desconocido,45
889,1995,usa,F,10,6' shark,,N,Desconocido,10
890,1995,usa,M,38,"Tiger shark, 3.7 m [12'] ",,N,Tiger,38
891,1995,hong kong,M,29,1.8 m to 2.1 m [6' to 7'] shark,,N,Desconocido,29
892,1995,japan,M,47,6 m [20'] white shark,,N,White,47
893,1995,australia,M,35,"Bronze whaler shark, 2 m ",,N,Desconocido,35
894,1995,south africa,M,22,Raggedtooth shark,,N,Desconocido,22
895,1995,south africa,M,14,"Tiger shark, 1.8 m [6'] ",,N,Tiger,14
896,1994,south africa,M,26,5.5 m [18'] white shark,,N,White,26
897,1994,usa,M,42,5 m to 5.5 m [16.5' to 18'] white shark,,N,White,42
898,1994,usa,F,34,2.7 m [9'] shark,,N,Desconocido,34
899,1994,usa,F,9,Thought to involve a small sand shark,,N,Desconocido,
900,1994,usa,M,43,5 m [16.5'] white shark,,N,White,43
901,1994,usa,F,12,Small shark,,N,Desconocido,12
902,1994,reunion,M,24,3 to 3.5 m [10' to 11.5'] bull shark,,N,Bull,24
903,1994,south africa,M,22,4 m [13'] white shark,,N,White,22
904,1994,south africa,M,31,4 m [13'] white shark,,N,White,31
905,1994,usa,M,15,"""small shark""",,N,Desconocido,15
906,1994,bahamas,M,30,1.8 m [6'] shark,,N,Desconocido,30
907,1994,usa,M, 28,1.2 m [4'] spinner shark,,N,Desconocido,28
908,1994,usa,M,22,>1.8 m [6'] shark,,N,Desconocido,22
909,1994,usa,M,23,1.2 m [4'] shark,,N,Desconocido,23
910,1994,south africa,M,15,3 m [10'] white shark,,N,White,15
911,1994,south africa,M,33,"1.3 m [4'3""] shark",,N,Desconocido,33
912,1993,australia,M,27,Tiger shark caught 6 days later with divers remains in its gut,,N,Tiger,27
913,1993,usa,M,26,4 m to 5 m [13' to 16.5'] white shark,,N,White,26
914,1993,usa,F,26,3 m [10'] bull shark,,N,Bull,26
915,1993,usa,F,34,>6 m [20'] white shark,,N,White,34
916,1993,south africa,M,36,3 m [10'] white shark,,N,White,36
917,1993,spain,M,69,1.2 m [4'] shark,,N,Desconocido,69
918,1993,bahamas,M,51,1.8 m [6'] blacktip shark or Caribbean reef shark,,N,Desconocido,51
919,1993,usa,F,19,Bull shark,,N,Bull,19
920,1993,usa,M,39,5.5 m to 6 m [18' to 20']  white shark,,N,White,39
921,1993,south africa,M,28,4 m [13'] white shark,,N,White,28
922,1993,usa,F,12,"1.8 m to 2.4 m [6' to 8'] shark, tooth fragments recovered ",,N,Desconocido,12
923,1993,usa,M,22,Thought to involve a tiger shark,,N,Tiger,22
924,1993,australia,M,31,Remains recovered from 5.5 m [18'] white shark,,N,White,31
925,1993,australia,F,34,5 m [16.5'] white shark,,N,White,34
926,1993,usa,F,60's,6' shark,,N,Desconocido,60
927,1993,usa,M,35,"Tiger shark, 3.7 m [12'], (tooth fragment recovered from wound)",,N,Tiger,35
928,1993,usa,M,55,White shark,,N,White,55
929,1993,australia,M,69,"Bronze whaler shark, 1.5 m ",,N,Desconocido,69
930,1993,australia,M,21,1.5 m shark,,N,Desconocido,21
931,1993,usa,M,29,6 m [20'] white shark,,N,White,29
932,1992,usa,M,10,"Tiger shark, 2.4 m [8']",,N,Tiger,10
933,1992,usa,M,30,"Tiger shark, 3 m to 4.9 m [10' to 16'] ",,N,Tiger,30
934,1992,usa,M,31,"Mako shark, 1.8 m [6']  ",,N,Desconocido,31
935,1992,usa,M,19,6' to 7' blacktip shark,,N,Desconocido,19
936,1992,usa,M,46,5 m to 6 m white shark,,N,White,46
937,1992,usa,M,40,Unidentified shark,,N,Desconocido,40
938,1992,usa,M,18,"Tiger shark, 3 m to 3.7 m [10' to 12'] ",,N,Tiger,18
939,1992,usa,M,40,2.5 m [8.25'] white shark,,N,White,40
940,1992,usa,M,28,"Tiger shark, 4.3 m [14'] ",,N,Tiger,28
941,1992,australia,M,28,4.2 m white shark,,N,White,28
942,1992,usa,M,20,4 m to 5 m [13' to 16.5']  white shark ,,N,White,20
943,1992,australia,M,17,4 m white shark,,N,White,17
944,1992,usa,M,22,5.5 m to 6 m [18' to 20'] white shark,,N,White,22
945,1992,usa,F,42,"""a small shark""",,N,Desconocido,42
946,1992,reunion,M,16,Bull shark or lemon shark,,N,Lemon,16
947,1992,south africa,M,35,>2 m shark,,N,Desconocido,35
948,1992,usa,F,36,Tiger shark,,N,Tiger,36
949,1992,japan,M,41,"5 m [16.5'] white shark, identification by K. Nakaya",,N,White,41
950,1992,usa,M,21,Said to involve a 6 m to 7 m [20' to 23'] white shark,,N,White,21
951,1992,australia,M,19,Questionable incident,,N,Desconocido,19
952,1992,australia,M,19,"Bronze whaler shark, 2.3 m [7.5'] ",,N,Desconocido,19
953,1992,south africa,M,19,"Zambesi shark, 1.7 m [5.5'] ",,N,Desconocido,19
954,1992,south africa,M,36,Possibly a 1.5 m [5'] blacktip shark,,N,Desconocido,36
955,1991,usa,M,25,6 m [20'] white shark,,N,White,25
956,1991,usa,F,41,"Tiger shark, 2.4 m 3.4 m [8' to 11']  ",,N,Tiger,41
957,1991,usa,M,21,1.8 m [6'] shark,,N,Desconocido,21
958,1991,usa,M,32,5 m to 6 m [16.5' to 20'] white shark,,N,White,32
959,1991,australia,M,19,4 m [13'] white shark,,N,White,19
960,1991,australia,M,36,"3 m [10'], 270- kg [595-lb] shark",,N,Desconocido,36
961,1991,usa,M,23,sand shark,,N,Desconocido,23
962,1991,usa,F,10,3' shark,,N,Desconocido,10
963,1991,italy,F,40,4 m [13'] white shark,,N,White,40
964,1991,reunion,M,30,"Tiger shark, 3 to 4 m [10' to 13'] ",,N,Tiger,30
965,1991,usa,M,32,5 m [16.5'] white shark,,N,White,32
966,1991,usa,M,31,2.7 m [9'] bull or lemon shark,,N,Lemon,31
967,1991,hong kong,F,65,"Tiger shark, >3 m [10']",,N,Tiger,65
968,1991,usa,M,23,2.4 m [8'] shark,,N,Desconocido,23
969,1991,usa,M,22,1.2 m to 1.5 m [4' to 5'] shark,,N,Desconocido,22
970,1991,usa,M,38,5.5 m [18'] white shark,,N,White,38
971,1991,south africa,M,20,5.5 m [18'] white shark,,N,White,20
972,1990,usa,M,24,5' shark,,N,Desconocido,24
973,1990,usa,M,50,1.8 m [6'] shark ,,N,Desconocido,50
974,1990,usa,M,25,4' spinner shark,,N,Desconocido,25
975,1990,usa,M,43,"Tiger shark, 3.7 m [12'] ",,N,Tiger,43
976,1990,usa,M,19,1.8 m to 2.4 m [6' to 8'] shark,,N,Desconocido,19
977,1990,south africa,M,26,5 m  [16.5'] white shark,,N,White,26
978,1990,usa,M,49,White shark,,N,White,49
979,1990,usa,M,44,2.5 m to 3 m [8.25' to 10']  white shark,,N,White,44
980,1990,usa,M,22,5 m to 6 m [16.5' to 20'] white shark,,N,White,22
981,1990,south africa,F,21,"4.5 m [14'9""] white shark",,N,White,21
982,1990,south africa,M,22,"5.5 m [18'] white shark, identified by witnesses & tooth marks",,N,White,22
983,1990,south africa,M,23,"2.3 m [7.5'] white shark, identified by M. Smale",,N,White,23
984,1990,australia,M,31,"Tiger shark, 3 m ",,N,Tiger,31
985,1989,south africa,M,29,White shark,,N,White,29
986,1989,australia,M,17,2.7 m [9'] white shark,,N,White,17
987,1989,usa,M,12,4' shark,,N,Desconocido,12
988,1989,usa,M,49,Shark involvement suspected but not confirmed,,N,Desconocido,49
989,1989,south africa,M,29,"White shark, identified by tooth pattern",,N,White,29
990,1989,usa,M,51,150-lb shark,,N,Desconocido,51
991,1989,usa,M,38,4 m to 5 m [13' to 16.5']  white shark,,N,White,38
992,1989,australia,M,30,Grey nurse shark,,N,Grey,30
993,1989,south africa,M,21,>3.4 m [11'] white shark,,N,White,21
994,1989,australia,M,17,"Bronze whaler shark, 3 m [10'] ",,N,Desconocido,17
995,1989,south africa,M,34,2.5 m [8.25'] white shark,,N,White,34
996,1989,south africa,M,16,3 m [10'] white shark,,N,White,16
997,1989,south africa,M,28,2.5 m [8.25'] white shark,,N,White,28
998,1989,australia,M,27,2 m [6.75'] white shark,,N,White,27
999,1989,italy,M,47,6 m [20'] white shark,,N,White,47
1000,1989,usa,M,24,Invalid,,N,Desconocido,24
1001,1989,usa,F,24,5 m [16.5'] white shark,,N,White,24
1002,1989,australia,M,17,"Tiger shark, 4 m [13'] ",,N,Tiger,17
1003,1988,usa,M,21,5.5 m to 6 m [18' to 20']  white shark,,N,White,21
1004,1988,usa,M,30,1.2 m to 1.5 m [4' to 5'] shark,,N,Desconocido,30
1005,1988,usa,M,23,1.2 m to 1.5 m [4' to 5'] shark,,N,Desconocido,23
1006,1988,usa,M,21,5' shark,,N,Desconocido,21
1007,1988,usa,M,38,3 m [10'] bull shark,,N,Bull,38
1008,1988,usa,M,27,2.4 m to 3 m [8' to 10'] white shark,,N,White,27
1009,1988,south africa,M,36,White shark,,N,White,36
1010,1988,usa,M,37,Sand shark?,,N,Desconocido,37
1011,1988,usa,M,25,1.8 m to 2.4 m [6' to 8'] shark,,N,Desconocido,25
1012,1988,south africa,M,17,1.5 m to 2 m [5' to 6.75'] shark,,N,Desconocido,17
1013,1988,south africa,M,20,"1 m ""grey-colored"" shark",,N,Grey,20
1014,1988,south africa,F,15,Zambezi shark (tooth fragments recovered),,N,Desconocido,15
1015,1988,south africa,M,22,Shark involvement not confirmed,,N,Desconocido,22
1016,1988,south africa,M,33,1.5 m copper shark,,N,Desconocido,33
1017,1987,usa,M,16,1.8 m [6'] blacktip shark,,N,Desconocido,16
1018,1987,usa,M,20,2 m [6.75'] shark,,N,Desconocido,20
1019,1987,south africa,M,14,Questionable incident,,N,Desconocido,14
1020,1987,south africa,M,21,White shark,,N,White,21
1021,1987,south africa,M,24,3.5 m [11.5']  white shark,,N,White,24
1022,1987,usa,M,12,1.2 m to 1.5 m [4' to 5'] shark,,N,Desconocido,12
1023,1987,usa,M,40,5.7 m white shark,,N,White,40
1024,1987,usa,M,27,3' to 4' shark,,N,Desconocido,27
1025,1987,usa,F,32,4' shark,,N,Desconocido,32
1026,1987,usa,F,16,4' shark,,N,Desconocido,16
1027,1987,vanuatu,M,8,4.3 m shark,,N,Desconocido,
1028,1987,south africa,M,30,>2.5 m [8.25'] white shark,,N,White,30
1029,1986,south africa,M,21,3 m [10'] white shark,,N,White,21
1030,1986,usa,M,40,1.8 m to 2.1 m [6' to 7'] spinner or blacktip shark,,N,Desconocido,40
1031,1986,usa,M,27,5 m to 6 m [16.5' to 20'] white shark,,N,White,27
1032,1986,usa,F,6,"Lemon shark, 1.8 m to 2.4 m [6' to 8'], tooth fragment recovered",,N,Lemon,
1033,1986,south africa,M,32,1.6 m shark,,N,Desconocido,32
1034,1986,south africa,M,35,Invalid,,N,Desconocido,35
1035,1986,south africa,M,26,1.2 m [4'] dusky shark,,N,Desconocido,26
1036,1986,south africa,M,26,>1 m shark,,N,Desconocido,26
1037,1986,south africa,M,21,>2.4 m [8'] white shark,,N,White,21
1038,1986,south africa,M,46,Raggedtooth shark,,N,Desconocido,46
1039,1986,south africa,M,29,"Raggedtooth shark, 2 m [6.75'] ",,N,Desconocido,29
1040,1986,australia,M,29,"Bronze whaler shark, 3.5 m ",,N,Desconocido,29
1041,1986,usa,M,22,Blacktip shark,,N,Desconocido,22
1042,1986,usa,M,16,1.5 m [5'] shark,,N,Desconocido,16
1043,1985,south africa,M,22,2.5 m [8.25'] white shark,,N,White,22
1044,1985,usa,M,46,2 m to 2.5 m [6.75'  to 8.25'] sixgill or sevengill shark,,N,Desconocido,46
1045,1985,usa,M,17,Invalid,,N,Desconocido,17
1046,1985,usa,M,11,Shark involvement not confirmed,,N,Desconocido,11
1047,1985,usa,M,67,Shark involvement prior to death not confirmed,,N,Desconocido,67
1048,1985,usa,F,13,Possibly a small hammerhead shark,,N,Desconocido,13
1049,1985,italy,M,13,"3 m to 3.6 m  [10' to 11'9""] white shark",,N,White,13
1050,1985,australia,F,33,6 m [20'] white shark,,N,White,33
1051,1985,usa,M,29,6 m [20'] white shark,,N,White,29
1052,1985,south africa,M,15,Raggedtooth shark,,N,Desconocido,15
1053,1985,south africa,M,18,"3.5 m white shark, tooth fragments recovered",,N,White,18
1054,1985,south africa,M,34,3.5 m [11.5'] white shark,,N,White,34
1055,1985,south africa,M,20,1.5 m [5'] dusky shark,,N,Desconocido,20
1056,1984,australia,M,16,"Tiger shark, 4 m ",,N,Tiger,16
1057,1984,usa,M,22,Shark involvement prior to death was not confirmed,,N,Desconocido,22
1058,1984,usa,F,23,1.5 m [5'] shark,,N,Desconocido,23
1059,1984,usa,F,77,Shark involvement not confirmed; officials considered barracua,,N,Desconocido,77
1060,1984,usa,M,15,1.2 m [4'] blacktip shark,,N,Desconocido,15
1061,1984,usa,M,25,3 m to 5 m [10' to 16.5'] white shark,,N,White,25
1062,1984,usa,M,16,Hammerhead shark?+O2356,,N,Desconocido,16
1063,1984,usa,M,28,4.5 m to 5 m white shark,,N,White,28
1064,1984,usa,F,18,1.2 m [4'] shark,,N,Desconocido,18
1065,1984,south africa,M,21,Shark involvement prior to death was not confirmed,,N,Desconocido,21
1066,1984,south africa,M,27,2.4 m [8'] white shark,,N,White,27
1067,1984,usa,F,13,1.2 m to 1.5 m [4' to 5'] hammerhead shark,,N,Desconocido,13
1068,1984,south africa,M,33, 1.5 m [5'] dusky shark,,N,Desconocido,33
1069,1984,south africa,M,14,"Raggedtooth shark, 1 m ",,N,Desconocido,14
1070,1983,south africa,M,47,"Raggedtooth shark, >1 m ",,N,Desconocido,47
1071,1983,south africa,M,29,5 m [16.5'] white shark,,N,White,29
1072,1983,usa,F,14,Sand shark,,N,Desconocido,14
1073,1983,usa,F,22,6' to 8' bull shark,,N,Bull,22
1074,1983,australia,F,21,"Tiger shark, 5 m [16.5']",,N,Tiger,21
1075,1983,australia,M,24,"Tiger shark, 5 m [16.5']",,N,Tiger,24
1076,1983,australia,M,28,"Tiger shark, 5 m [16.5']",,N,Tiger,28
1077,1983,usa,F,39,3.5' hammerhead shark,,N,Desconocido,39
1078,1983,usa,M,21,6' shark,,N,Desconocido,21
1079,1983,south africa,M,27,"Raggedtooth shark, 1.5 m [5'] (tooth fragment recovered)",,N,Desconocido,27
1080,1983,south africa,M,17,1.8 m [6'] Zambezi shark,,N,Desconocido,17
1081,1983,south africa,M,16,3 m [10'] shark,,N,Desconocido,16
1082,1983,south africa,M,32,White shark,,N,White,32
1083,1982,usa,M,26,1.5 m [5'] shark,,N,Desconocido,26
1084,1982,south africa,M,16,"Believed to involve a 2.8 m [9'3""] white shark",,N,White,16
1085,1982,usa,M,20,1.5 m [5'] shark,,N,Desconocido,20
1086,1982,usa,M,36,White shark,,N,White,36
1087,1982,usa,M,28,5 m to 6 m [16.5' to 20'] white shark,,N,White,28
1088,1982,usa,M,17,Questionable incident; reported as shark attack but thought to involve a pinniped instead ,,N,Desconocido,17
1089,1982,south africa,M,20,Invalid,,N,Desconocido,20
1090,1982,south africa,M,38,"2.4 m [8'] white shark, species identity confirmed by tooth fragment",,N,White,38
1091,1982,usa,M,26,4.5 m to 5.5 m [14.7' to 18'] white shark,,N,White,26
1092,1982,usa,M,17,0.9 m to 1.2 m [3' to 4'] shark,,N,Desconocido,17
1093,1982,south africa,M,27,"2.4 m [8'] white shark, species identity confirmed by witnesses & tooth pattern in surfboard",,N,White,27
1094,1982,usa,M,20,5' shark,,N,Desconocido,20
1095,1982,south africa,M,20,Raggedtooth shark,,N,Desconocido,20
1096,1981,usa,M,24,7 m [23'] white shark,,N,White,24
1097,1981,usa,M,19,1.8 m to 2.4 m [6' to 8'] shark,,N,Desconocido,19
1098,1981,usa,M,26,Said to involve a tiger shark or a hammerhead shark,,N,Tiger,26
1099,1981,bahamas,M,53,Mako shark (tooth fragments recovered),,N,Desconocido,53
1100,1981,south africa,M,32,Possibly a  1.8 m [6'] Zambezi shark,,N,Desconocido,32
1101,1981,south korea,F,27,6 m  white shark,,N,White,27
1102,1981,south africa,M,27,Raggedtooth shark,,N,Desconocido,27
1103,1981,south africa,M,19,"Raggedtooth shark, 2.5 m [8.25'] ",,N,Desconocido,19
1104,1981,south africa,M,24,"Tiger shark, 2.1 m [7']",,N,Tiger,24
1105,1981,usa,M,19,"1.2 m to 1.5 m [4' to 5'] bull, sandbar or dusky shark",,N,Bull,19
1106,1981,usa,M,24,C. maculpinnis or C. limbatus,,N,Desconocido,24
1107,1981,south africa,M,30,Juvenile dusky or blacktip shark,,N,Desconocido,30
1108,1981,usa,M,15,1.8 m to 2.4 m [6' to 8'] hammerhead shark,,N,Desconocido,15
1109,1981,australia,M,27,"Tiger shark, 2.5 m ",,N,Tiger,27
1110,1980,south africa,M,25,3.5 m [11.5'] shark,,N,Desconocido,25
1111,1980,reunion,M,22,1.8 m [6'] white shark,,N,White,22
1112,1980,usa,M,29,4 m to 5 m [13' to 16.5'] white shark,,N,White,29
1113,1980,usa,M,19,4 m to 5 m [13' to 16.5'] white shark,,N,White,19
1114,1980,usa,F,22,4' to 8' shark,,N,Desconocido,22
1115,1980,south africa,M,22,1.8 m [6'] shark,,N,Desconocido,22
1116,1980,mexico,F,13,Tiger shark,,N,Tiger,13
1117,1980,south africa,M,24,"2.8 m [9'3""] white shark",,N,White,24
1118,1980,south africa,M,29,"2 m [6'9""] Zambesi shark",,N,Desconocido,29
1119,1980,south africa,M,25,"Raggedtooth shark, 2 m [6'9""] ",,N,Desconocido,25
1120,1980,south africa,M,20,Invalid,,N,Desconocido,20
1121,1979,usa,M,20,"White shark, 4 m [13'] ",,N,White,20
1122,1979,south africa,M,25,"White shark, 2.5 m [8.25']  ",,N,White,25
1123,1979,usa,M,27,Blacktip or spinner shark,,N,Desconocido,27
1124,1979,south africa,M,19,1.5 m to 2 m [5' to 6.75'] shark,,N,Desconocido,19
1125,1978,south africa,M,23,"White shark, 2.3 m [7.5'], tooth fragment recovered",,N,White,23
1126,1978,south africa,M,27,"White shark, 3.7 m [12'] ",,N,White,27
1127,1978,south africa,M,17,Thought to involve a blacktip shark,,N,Desconocido,17
1128,1977,south africa,M,18,"Tiger shark, 3 m [10']",,N,Tiger,18
1129,1977,south africa,M,25,"White shark, 5 m [16.5'] ",,N,White,25
1130,1977,australia,M,17,White shark,,N,White,17
1131,1977,usa,M,20,"White shark, 5.5 m to 6 m [18' to 20']  ",,N,White,20
1132,1977,usa,M,27,"Bull shark, 8",,N,Bull,27
1133,1976,usa,M,29,"White shark, 5.5 m [18'] ",,N,White,29
1134,1976,south africa,M,19,"White shark, 3 m [10'] k",,N,White,19
1135,1976,usa,M,19,2.1 m [7'] lemon shark or bull shark,,N,Lemon,19
1136,1976,usa,M,25,"White shark, 3 m to 4 m [10' to 13'] ",,N,White,25
1137,1976,south africa,M,20,"White shark, 3.5 m [11.5'], species identity confirmed by tooth fragment",,N,White,20
1138,1976,usa,M,15,"Tiger shark, 6' ",,N,Tiger,15
1139,1976,usa,M,19,"White shark, 4.5 m ",,N,White,19
1140,1976,usa,M,17,12' to 14' shark,,N,Desconocido,17
1141,1975,usa,M,27,White shark,,N,White,27
1142,1975,south africa,M,33,Juvenile dusky shark,,N,Desconocido,33
1143,1975,south africa,M,19,"White shark, 2.4 m [8']",,N,White,19
1144,1975,usa,M,20,1.5 m [5'] shark,,N,Desconocido,20
1145,1975,usa,M,44,White shark,,N,White,44
1146,1975,australia,M,37,White shark,,N,White,37
1147,1975,usa,M,23,"White shark, 5.8 m [19'] ",,N,White,23
1148,1975,usa,M,34,"White shark, 5m to 6m",,N,White,34
1149,1975,usa,F,14,1.2 m [4'] shark,,N,Desconocido,14
1150,1975,usa,M,18,4' shark,,N,Desconocido,18
1151,1975,south africa,M,16,1.5 m [5'] shark,,N,Desconocido,16
1152,1975,australia,M,12,"White shark, 3 m [10'] ",,N,White,12
1153,1974,usa,M,17,"White shark, 5.5 m to 6 m [18' to 20'] ",,N,White,17
1154,1974,usa,M,29,"White shark, 4 m to 5 m ",,N,White,29
1155,1974,israel,F,20,"Shortfin mako shark, 2.3 m [7.5'] ",,N,Desconocido,20
1156,1974,usa,M,41,"White shark, 5 m to 6 m [16.5 to 20'] ",,N,White,41
1157,1974,usa,M,48,"White shark, 5 m to 6 m [16.5 to 20'] ",,N,White,48
1158,1974,usa,M,24,"White shark, 4.5 m ",,N,White,24
1159,1974,usa,M,45,"White shark, 5 m [16.5']",,N,White,45
1160,1974,south africa,M,22,"Raggedtooth shark, 1.5 m [5'] ",,N,Desconocido,22
1161,1974,south africa,M,17,Juvenile dusky shark,,N,Desconocido,17
1162,1974,south africa,M,21,1.8 m [6'] shark,,N,Desconocido,21
1163,1974,south africa,M,33,2 m to 2.5 m [6.75'  to 8.25'] shark,,N,Desconocido,33
1164,1973,bahamas,M,11,7' to 8' bull shark,,N,Bull,11
1165,1973,mexico,M,37,White shark,,N,White,37
1166,1973,south africa,M,26,"2 m shark, possibly a dusky or blacktip shark",,N,Desconocido,26
1167,1972,mozambique,M,25,2 m to 3 m shark,,N,Desconocido,25
1168,1972,usa,M,22,4.5' shark,,N,Desconocido,22
1169,1972,usa,M,32,"White shark, 4.4 m to 5 m [14.5' to 16.5'] ",,N,White,32
1170,1972,australia,M,18,7' shark,,N,Desconocido,18
1171,1972,south africa,F,30,Zambesi shark,,N,Desconocido,30
1172,1972,mozambique,M,24,"White shark, 2.5 m [8.25'] ",,N,White,24
1173,1971,south africa,F,16,"White shark, 3 m [10']rk",,N,White,16
1174,1971,usa,M,18,5' to 6' shark,,N,Desconocido,18
1175,1971,south africa,M,25,1.5 m to 2 m shark,,N,Desconocido,25
1176,1971,usa,M,30,"White shark, 5 m to 6 m [16.5' to 20']  ",,N,White,30
1177,1971,croatia,M,34,White shark,,N,White,34
1178,1971,australia,M,26,"Grey nurse shark, 11'",,N,Grey,26
1179,1971,south africa,M,21,"White shark, 3 m [10'], species identity confirmed by witnesses & tooth pattern in leg & board ",,N,White,21
1180,1971,south africa,M,>50,White shark according to tooth pattern and witnesses,,N,White,50
1181,1971,new zealand,M,16,"White shark, 4.6 m [15'] ",,N,White,16
1182,1970,micronesia,M,43,1.8 to 2 m C. albimarginatus,,N,Desconocido,43
1183,1970,south africa,M,25,"Raggedtooth shark, 2 m [6'9""], 5-year-old, captive female ",,N,Desconocido,25
1184,1969,usa,M,53,"White shark, 4.3 m 4.9 m [14' to 16'] ",,N,White,53
1185,1969,usa,M,13,4' shark,,N,Desconocido,13
1186,1969,usa,M,23,Nurse shark,,N,Desconocido,23
1187,1969,usa,M,16,"White shark, identified by tooth fragments in surfboard",,N,White,16
1188,1969,australia,M,49,7-gill shark,,N,Desconocido,49
1189,1968,australia,M,27,"Grey nurse shark, 10' ",,N,Grey,27
1190,1968,new zealand,M,17,White shark,,N,White,17
1191,1968,new zealand,M,24,"White shark, 4.3 m [14'], (tooth fragment recovered)",,N,White,24
1192,1968,columbia,M,18,2 m shark,,N,Desconocido,18
1193,1968,usa,M,25,"White shark, 4 m [13'] ",,N,White,25
1194,1968,usa,M,33,4m [13'] shark,,N,Desconocido,33
1195,1968,usa,M,63,Shark involvement not confirmed,,N,Desconocido,63
1196,1968,south africa,M,35,1.5 m to 1.8m [5' to 6'] shark,,N,Desconocido,35
1197,1968,usa,M,28,Invalid,,N,Desconocido,28
1198,1968,australia,M,26,"Bronze whaler shark, 3 m [10'] ",,N,Desconocido,26
1199,1967,south africa,M,22,1.5 m to 1.8 m [5' to 6'] shark,,N,Desconocido,22
1200,1967,usa,M,19,small blacktip shark,,N,Desconocido,19
1201,1967,usa,M,24,5' blue shark,,N,Desconocido,24
1202,1967,australia,M,23,White shark,,N,White,23
1203,1967,australia,M,? & 19,Shark involvement prior to death was not confirmed,,N,Desconocido,19
1204,1967,usa,M,15,"Nurse shark, 106 cm, 28-lb, male ",,N,Desconocido,15
1205,1967,bahamas,M,41,1.5 m to 1.8 m [5' to 6'] sandbar shark,,N,Desconocido,41
1206,1967,usa,M,26,"Nurse shark, 1 m ",,N,Desconocido,26
1207,1967,south africa,M,32,"White shark, 3 m [10'] ",,N,White,32
1208,1967,australia,M,36,Grey nurse shark,,N,Grey,36
1209,1967,new zealand,M,21,Thought to involve a white shark,,N,White,21
1210,1966,papua new guinea,F,13,3.7 m [12'] shark,,N,Desconocido,13
1211,1966,papua new guinea,F,8,3.7 m [12'] shark,,N,Desconocido,
1212,1966,australia,M,32,"Bronze whaler shark, 2.1 m [7'], a tooth was embedded in the speargun ",,N,Desconocido,32
1213,1966,australia,M,43,"Mako shark, 1.9 m [6.5'] ",,N,Desconocido,43
1214,1966,new britain,F,13,A pack of 6 sharks,,N,Desconocido,13
1215,1966,new britain,F,9,A pack of 6 sharks,,N,Desconocido,
1216,1966,usa,M,26,Invalid,,N,Desconocido,26
1217,1966,usa,M,8,Spinner or blacktip sharks,,N,Desconocido,
1218,1966,usa,M,34,4' shark,,N,Desconocido,34
1219,1966,usa,M,46,Invalid,,N,Desconocido,46
1220,1966,usa,M,15,"Local authorities speculated that the water was too cold for sharks, but a 2.1 m [7'], 200-lb pregnant sandbar shark was caught next day",,N,Desconocido,15
1221,1966,usa,M,18,1.2 m [4'] hammerhead shark,,N,Desconocido,18
1222,1966,usa,M,18,a small shark,,N,Desconocido,18
1223,1966,usa,M,24,Invalid,,N,Desconocido,24
1224,1966,australia,M,13,"White shark, 2.5 m [8.25'], an immature female, previously injured",,N,White,13
1225,1966,south africa,M,33,Copper shark,,N,Desconocido,33
1226,1966,usa,M,29,"White shark, 3 m [10'] ",,N,White,29
1227,1966,south africa,M,16,1.5 m to 1.8 m [5' to 6'] Zambesi shark,,N,Desconocido,16
1228,1966,south africa,M,15,"1.8 m to 2 m [6' to 6'9""] shark",,N,Desconocido,15
1229,1966,usa,M,35,Hammerhead shark,,N,Desconocido,35
1230,1966,usa,F,15,Shark involvement not confirmed,,N,Desconocido,15
1231,1965,australia,M,24,"Grey nurse shark, 2.4 m [8'] ",,N,Grey,24
1232,1965,usa,M,19,Invalid,,N,Desconocido,19
1233,1965,usa,M,28,"White shark, 10' to 12' ",,N,White,28
1234,1965,palau,M,8,"Tiger shark, tooth fragment recovered",,N,Tiger,
1235,1965,usa,M,17,Blacktip or spinner shark,,N,Desconocido,17
1236,1965,usa,M,16,Mako shark,,N,Desconocido,16
1237,1965,south africa,M,25,"1.8 m [6'], 136-kg [300-lb] shark ",,N,Desconocido,25
1238,1965,usa,M,18,1.2 m [4'] shark,,N,Desconocido,18
1239,1965,south africa,M,22,"White shark, 3.7 m [12'] ",,N,White,22
1240,1964,south africa,M,19,Raggedtooth shark ,,N,Desconocido,19
1241,1964,papua new guinea,M,28,2.1 m [7'] shark,,N,Desconocido,28
1242,1964,australia,M,25,"White shark, 2.4 m [8'] ",,N,White,25
1243,1964,australia,M,19,"Grey nurse shark, 1.8 m [6']",,N,Grey,19
1244,1964,taiwan,M,20,1.8 m [6'] shark,,N,Desconocido,20
1245,1964,mexico,M,19,1.8 to 2.4 m [6' to 8'] shark,,N,Desconocido,19
1246,1964,usa,M,18,Invalid,,N,Desconocido,18
1247,1964,usa,M,28,Hammerhead shark,,N,Desconocido,28
1248,1964,usa,F,29,Shark involvement prior to death was not confirmed,,N,Desconocido,29
1249,1964,south africa,M,40,Shark involvement prior to death was not confirmed,,N,Desconocido,40
1250,1964,fiji,M,35,Tiger shark,,N,Tiger,35
1251,1964,usa,M,38,1.7 m [5.5'] shark,,N,Desconocido,38
1252,1964,new zealand,M,26,"White shark, 3 m [10'] ",,N,White,26
1253,1964,south africa,M,25,"White shark, 1.5 m [5'] k",,N,White,25
1254,1964,new zealand,M,19,"White shark, 3 m to 3.7 m [10' to 12'] ",,N,White,19
1255,1964,australia,M,23,Shark involvement prior to death was not confirmed,,N,Desconocido,23
1256,1964,usa,M,21,White shark (tooth fragment recovered),,N,White,21
1257,1963,south africa,F,20,"Zambesi shark, 1.8 m [6'] ",,N,Desconocido,20
1258,1963,south africa,M,24,1.8 m [6']  shark,,N,Desconocido,24
1259,1963,south africa,M,13,"Dusky shark, 1 m ",,N,Desconocido,13
1260,1963,south africa,M,15,300- to 400-lb Zambesi shark,,N,Desconocido,15
1261,1963,australia,M,23,White shark,,N,White,23
1262,1963,new zealand,M,20,Possibly a broadnose 7-gill shark,,N,Desconocido,20
1263,1963,papua new guinea,F,18,Tiger shark,,N,Tiger,18
1264,1963,fiji,F,21,>1.2 m [4'] tiger shark,,N,Tiger,21
1265,1963,palau,M,35,Dooley believed his Injury was caused by stingray (Dasyatidae family),,N,Desconocido,35
1266,1963,usa,M,28,500-lb shark,,N,Desconocido,28
1267,1963,solomon islands,M,30,5.5 m [18'] shark,,N,Desconocido,30
1268,1963,australia,M,18,1.5 m [5'] shark,,N,Desconocido,18
1269,1963,usa,M,16,"Nurse shark, 1.2 m [4'] ",,N,Desconocido,16
1270,1963,federated states of micronesia,M,26,Tiger shark,,N,Tiger,26
1271,1963,greece,F,42,"White shark, 3 m ",,N,White,42
1272,1963,papua new guinea,M,30,1.8 m [6'] shark,,N,Desconocido,30
1273,1963,usa,M,25,"Hand found in gut of 2.9 m to 3.3 m [9'7"" to 10'11""] Galapagos shark, C. galapagensis",,N,Desconocido,25
1274,1963,usa,M,15,3.7 to 4.5 m [12' to 15'] shark seen in vicinity,,N,Desconocido,15
1275,1963,australia,M,18,"Bronze whaler shark, 3 m [10'] ",,N,Desconocido,18
1276,1963,fiji,M,28,"White shark, 2.1 m [7'] ",,N,White,28
1277,1963,australia,F,32,"Tooth fragments of whaler shark were recovered, a bull shark, according to Edwards",,N,Bull,32
1278,1963,australia,M,25,Shark involvement prior to death was not confirmed,,N,Desconocido,25
1279,1963,south africa,M,27,1 m shark,,N,Desconocido,27
1280,1963,south africa,M,24,"Zambesi shark, 2 m [6'9""] ",,N,Desconocido,24
1281,1962,australia,M,16,"White shark, 4.3 m [14'] (or bronze whaler)",,N,White,16
1282,1962,usa,M,24,"White shark, 4.3 m to 4.9m [14' to 16']",,N,White,24
1283,1962,mexico,M,32,2.7 m [9'] shark,,N,Desconocido,32
1284,1962,british west indies,M,24," Blacktip shark, C. maculipinnis. 1.9 m to 2.1 m [6.5' to 7'] ",,N,Desconocido,24
1285,1962,italy,M,28,White shark,,N,White,28
1286,1962,papua new guinea,M,49,"""A long thin brown-colored shark""",,N,Desconocido,49
1287,1962,usa,M,39,"Horn shar,k Heterodontus francisci, 1.2 m [4'] ",,N,Desconocido,39
1288,1962,usa,M,40,Unknown,,N,Desconocido,40
1289,1962,usa,M,24,1.8 m [6'] shark,,N,Desconocido,24
1290,1962,usa,M,19,Blue shark,,N,Desconocido,19
1291,1962,usa,M,11,1.8 m [6'] shark,,N,Desconocido,11
1292,1962,usa,M,55," Sevengill  shark, 1.2 m [4'] ",,N,Desconocido,55
1293,1962,south africa,M,13,"Zambesi shark, 1.2 m [4'] ",,N,Desconocido,13
1294,1962,papua new guinea,M,10,Possibly a bronze whaler shark,,N,Desconocido,10
1295,1962,south africa,M,13,"White shark, 3 m ",,N,White,13
1296,1962,australia,M,35,60 cm  shark ,,N,Desconocido,35
1297,1962,new zealand,M,18,1.5 m [5'] shark,,N,Desconocido,18
1298,1962,south africa,M,40,Shark involvement prior to death was not confirmed,,N,Desconocido,40
1299,1962,usa,M,29,"White shark, 4 m [13'] ",,N,White,29
1300,1962,australia,M,19,"Bronze whaler shark, 2.1 m [7'] shark",,N,Desconocido,19
1301,1962,papua new guinea,M,24,White shark,,N,White,24
1302,1962,new zealand,F,54,"36""  shark",,N,Desconocido,54
1303,1962,marshall islands,M,57,1.8 m [6'] shark,,N,Desconocido,57
1304,1961,australia,F,18,3 m [10'] shark,,N,Desconocido,18
1305,1961,australia,M,24,3 m [10'] shark,,N,Desconocido,24
1306,1961,south africa,M,18,Zambesi shark,,N,Desconocido,18
1307,1961,australia,M,23,"Grey nurse shark, 2.4 m [8'] ",,N,Grey,23
1308,1961,australia,M,22,Next morning a 3 m [10'] shark was caught that had Andrews' leg in its gut,,N,Desconocido,22
1309,1961,australia,M,17,1.8 m [6'] shark,,N,Desconocido,17
1310,1961,croatia,M,19,White shark,,N,White,19
1311,1961,usa,M,16,"White shark, 4 m [13'] ",,N,White,16
1312,1961,usa,M,19,White shark,,N,White,19
1313,1961,usa,M,38,2.4 m [8'] shark,,N,Desconocido,38
1314,1961,usa,M,57,"43"" shark",,N,Desconocido,57
1315,1961,italy,M,21,"White shark, 4.5 m ",,N,White,21
1316,1961,usa,M,20,White shark,,N,White,20
1317,1961,usa,M,52,"Hammerhead shark, 500-llb ",,N,Desconocido,52
1318,1961,usa,M,10,Shark involvement not confirmed,,N,Desconocido,10
1319,1961,mozambique,M,37,Zambesi shark,,N,Desconocido,37
1320,1961,australia,M,40," ""gummy"" shark (Rhizoprionodon or Loxodon) 1.2 m [4']",,N,Desconocido,40
1321,1961,mozambique,M,38,Zambesi shark,,N,Desconocido,38
1323,1961,australia,M,21,"White shark, 3.7 m [12'] ",,N,White,21
1324,1961,north pacific ocean,M,33,"Grey reef shark, 1.8 m [6'] grey reef shark, identified by Dr. L.P. L. Schultz based on photographs; identified as C. melanopterus by Stewart",,N,Grey,33
1325,1961,south africa,M,27,1.5 m [5'] shark,,N,Desconocido,27
1326,1961,south africa,M,14,"2.1 m [7'], 90-kg shark",,N,Desconocido,14
1327,1961,south africa,M,15,White shark,,N,White,15
1328,1961,australia,M,27,"Wobbegong shark, 1.5 m [5'] ",,N,Desconocido,27
1329,1961,south africa,M,13,"White shark, based on bite pattern",,N,White,13
1330,1960,south africa,M,25,"White shark, 3 m [10'], tooth fragment from wounds identified as that of a white shark",,N,White,25
1331,1960,australia,M,33,"Grey nurse shark, 1m ",,N,Grey,33
1332,1960,australia,M,41,3' shark,,N,Desconocido,41
1333,1960,usa,M,15,"Lemon shark, 1164 mm, immature male, identified by  V.G. Springer",,N,Lemon,15
1334,1960,usa,M,41,"""sand shark""",,N,Desconocido,41
1335,1960,usa,M,39,"Mako shark, 1.8 m to 2.1 m [6' to 7']  with hook & wire leader caught in mouth",,N,Desconocido,39
1336,1960,bermuda,M,25,"Dusky shark, 2.7 m [9'] dusky shark C. obscurus identified by S. Springer on tooth recovered",,N,Desconocido,25
1337,1960,usa,F,16,"White shark, 4 m to 5 m [13' to 16.5'] ",,N,White,16
1338,1960,south africa,M,16,"White shark, 2.1 m [7']  based on tooth pattern",,N,White,16
1339,1960,usa,M,48,"White shark, 4.9 m [16'] ",,N,White,48
1340,1960,bermuda,M,"21, 34,24 & 35",Questionable incident,,N,Desconocido,21
1341,1960,australia,M,17,"White shark, 3.7 m [12'] ",,N,White,17
1342,1960,usa,M,42,"1.2 m [4'], possibly  larger shark",,N,Desconocido,42
1343,1960,australia,M,30 & 32,Two 2.1 m [7'] sharks,,N,Desconocido,30
1344,1960,usa,M,36,"According to Benjamin, the injury was inflicted by a barracuda, not a shark",,N,Desconocido,36
1345,1960,australia,M,13,Bull shark,,N,Bull,13
1346,1959,australia,M,19,3.5 m [11.5'] shark,,N,Desconocido,19
1347,1959,australia,M,17,"""a small shark""",,N,Desconocido,17
1348,1959,australia,M,19,3 m to 4.3 m [10' to 14'] shark,,N,Desconocido,19
1349,1959,usa,M,21,"Blue shark, 1.5 m [5'] ",,N,Desconocido,21
1350,1959,usa,M,30,"White shark, 5 m [16.5'], identified by Dr. W. I. Follett on tooth marks",,N,White,30
1351,1959,fiji,M,36,"Tiger shark, 1.8 m [6']",,N,Tiger,36
1352,1959,usa,M,30,"A hammerhead shark, then 8 to 10 other sharks were said to be  involved",,N,Desconocido,30
1353,1959,philippines,M,10,Shark involvement prior to death was not confirmed,,N,Desconocido,10
1354,1959,japan,M,13 or 18,"Blue shark, 3 m [10']",,N,Desconocido,13
1355,1959,usa,M,25,"Hammerhead shark, 1.8 m [6'] S. zygena identified by C. Limbaugh on description",,N,Desconocido,25
1356,1959,usa,M,33,"Reported to involve a White shark, 6 m to 7m [20' to 23'] ",,N,White,33
1357,1959,usa,M,18,"White shark, 3 m [10']; identifed by Dr. W.I. Follett on tooth marks",,N,White,18
1358,1959,usa,M,19,"Tiger shark, 3.7 m [12']",,N,Tiger,19
1359,1959,south africa,M,14,1.8 to 2.1 m [6' to 7'] shark,,N,Desconocido,14
1360,1959,australia,M,20,"Grey nurse shark, 1.8 m [6']",,N,Grey,20
1361,1959,australia,M,22,Said to involve 2 sharks: 5.2 m & 6 m [17' & 20'] ,,N,Desconocido,22
1362,1959,australia,M,17,1.8 m [6'] shark,,N,Desconocido,17
1363,1959,south africa,M,18,"White shark, 1.8 m to 2.1 m [6' to 7']  according to Shreuder and a witness",,N,White,18
1364,1958,usa,M,15,"Tiger shark, 4.6 m to 7.6 m [15' to 25'] ",,N,Tiger,15
1365,1958,american samoa,M,22,Tiger shark,,N,Tiger,22
1366,1958,australia,M,21,12' shark,,N,Desconocido,21
1367,1958,bahamas,M,42,200-lb shark,,N,Desconocido,42
1368,1958,usa,M,12,"Tiger shark, 1.5 m to 1.8 m [5' to 6'] ",,N,Tiger,12
1369,1958,usa,M,8,"Tiger shark, 1.5 m to 1.8 m [5' to 6'] ",,N,Tiger,
1370,1958,pacific ocean,M,31,Sharks averaged 1.8 m [6'] in length,,N,Desconocido,31
1371,1958,usa,M,20,"Nurse shark, 1.5 m [5']  identified by Dr. E. Clark on description of shark",,N,Desconocido,20
1372,1958,bahamas,M,36,"Tiger shark, <2 m TL",,N,Tiger,36
1373,1958,usa,M,59,"Nurse shark, 2.1 m [7']  identified by Dr. E. Clark on color & tooth impressions",,N,Desconocido,59
1374,1958,usa,M,17,Tiger shark?,,N,Tiger,17
1375,1958,taiwan,M,29,"Mako shark, 100-kg [221-lb] ",,N,Desconocido,29
1376,1958,south africa,F,28,3 m [10'] shark,,N,Desconocido,28
1377,1958,south africa,M,29,3 m [10'] shark,,N,Desconocido,29
1378,1958,australia,M,14,6' shark,,N,Desconocido,14
1379,1957,south africa,F,14,1.8 m [6'] shark,,N,Desconocido,14
1380,1957,south africa,M,23,>3 m [10'] shark,,N,Desconocido,23
1381,1957,usa,M,57,White shark,,N,White,57
1382,1957,australia,M,28,4.6 m [15'] shark,,N,Desconocido,28
1383,1957,usa,M,25,White shark,,N,White,25
1384,1957,usa,M,17,4 m [13'] shark,,N,Desconocido,17
1385,1957,australia,M,22,Shark seen feeding on turtle scraps thrown overboard prior to incident.,,N,Desconocido,22
1386,1956,papua new guinea,M,19,2.4 m [8'] tiger shark caught 40 hours later with shorts of the boy in its gut,,N,Tiger,19
1387,1956,senegal,M,19,Lemon shark,,N,Lemon,19
1388,1956,usa,M,10,"White shark, 2.7 m [9'] ",,N,White,10
1389,1956,australia,M,26,3.7 m [12'] shark & may have been another shark nearby,,N,Desconocido,26
1390,1956,australia,M,15,1.8 m [6'] shark,,N,Desconocido,15
1391,1955,papua new guinea,M,8,Wobbegong shark,,N,Desconocido,
1392,1955,american samoa,M,28,Blue shark,,N,Desconocido,28
1393,1955,usa,M,19,"White shark, 5 m to 6 m [16.5' to 20] ",,N,White,19
1394,1955,australia,M,25,3.6 m  white shark  (or bronze whaler),,N,White,25
1395,1955,australia,M,13,"Bronze whaler shark,3.7 m [12'] ",,N,Desconocido,13
1396,1954,australia,M,30,2.4 m [8']  shark,,N,Desconocido,30
1397,1954,argentina,M,18,White shark tooth fragment recovered from ankle & identified by Dr. W. I. Follett,,N,White,18
1398,1954,papua new guinea,M,26,14' shark,,N,Desconocido,26
1399,1953,mexico,M,19,Invalid,,N,Desconocido,19
1400,1953,usa,M,15,3 m [10'] shark seen in vicinity,,N,Desconocido,15
1401,1953,australia,M,25,Wobbegong shark,,N,Desconocido,25
1402,1952,australia,M,25,2.4 m [8'] shark,,N,Desconocido,25
1403,1952,usa,M,17,"White shark,4.6 m [15'] ",,N,White,17
1404,1951,australia,M,21,2.4 m [8']  shark,,N,Desconocido,21
1405,1951,south africa,M,23,"White shark, 1.8 m [6'] ",,N,White,23
1406,1951,south africa,M,24,"White shark, 2.4 m [8'] ",,N,White,24
1407,1951,australia,M,23,"Wobbegong shark, 4'",,N,Desconocido,23
1408,1951,south africa,M,31,136-kg [300-lb] shark,,N,Desconocido,31
1409,1950,australia,M,21,"White shark, 3m, seen in area and hooked 3 days later",,N,White,21
1410,1950,usa,M,31,White shark,,N,White,31
1411,1950,australia,M,25,4' shark,,N,Desconocido,25
1412,1950,el salvador,M,27,"1,100-lb shark",,N,Desconocido,27
1413,1950,south africa,M,14,"White shark, 3.7 m [12']  according to witnesses",,N,White,14
1414,1950,indonesia,M,7 or 8,"Tiger shark, 3.7 m to 4.3 m  [12' to 14']",,N,Tiger,
1415,1949,australia,M,36,6' shark,,N,Desconocido,36
1416,1949,australia,M,13,"3.3 m [10'9""] shark",,N,Desconocido,13
1417,1949,australia,M,20,"White shark, 3.6 m [11'9""] ",,N,White,20
1418,1949,australia,M,32,Invalid,,N,Desconocido,32
1419,1948,greece,M,17,Said to be 6.4 m [21'] shark,,N,Desconocido,17
1420,1948,usa,M,48,Nurse shark,,N,Desconocido,48
1421,1947,australia,M,9,Grey nurse shark,,N,Grey,
1422,1947,usa,M,20,Possibly C. leucas,,N,Desconocido,20
1423,1947,south africa,M,21,"1.5 m, 45-kg shark",,N,Desconocido,21
1424,1947,south africa,M,22,"Blacktip shark, 2 m [6.75'] ",,N,Desconocido,22
1425,1947,south africa,M,18,>1.6 m shark,,N,Desconocido,18
1426,1946,australia,M,30,4.3 m [14'] shark,,N,Desconocido,30
1427,1946,australia,M,18,"White shark, 4.2 m [13'9""] ",,N,White,18
1428,1946,south africa,M,18,1.5 m [5'] shark,,N,Desconocido,18
1429,1945,south africa,M,37,Thought to involve a Zambesi shark,,N,Desconocido,37
1430,1945,iraq,M,15,Bull shark,,N,Bull,15
1431,1944,south africa,M,17,"White shark, according to witnesses",,N,White,17
1432,1943,panama,M,20,"White shark, 2 m [6'9""]  (Tooth fragment recovered from victim's shoulder & identified by J.T. Nicholls)",,N,White,20
1433,1943,mexico,M,68,Invalid,,N,Desconocido,68
1434,1942,australia,F,15,Bull shark,,N,Bull,15
1435,1942,south africa,M,18,"White shark, 4.5 m  to 6 m [14'9"" to 20'] according to witnesses",,N,White,18
1436,1942,australia,M,24,"Tiger shark, 2.4 m to 3 m [8' to 10'] ",,N,Tiger,24
1437,1942,australia,F,28,"Bull shark, 4 m [13'] ",,N,Bull,28
1438,1942,bahamas,M,48,1.2 m to 1.5 m [4' to 5'] shark,,N,Desconocido,48
1439,1941,usa,M,43,2.1 m [7'] shark,,N,Desconocido,43
1440,1941,usa,M,53,Mako shark (aka bonito shark) 1.2 m [4'] ,,N,Desconocido,53
1441,1940,south africa,M,25,"White shark, species identity confirmed by tooth pattern",,N,White,25
1442,1940,south africa,M,17,"White shark, 160-kg [353-lb], identity confirmed by tooth pattern",,N,White,17
1443,1940,australia,M,13,3 m [10'] shark,,N,Desconocido,13
1444,1940,south africa,M,18,2.4 m [8'] shark,,N,Desconocido,18
1445,1939,australia,M,20,2.6 m [8.5'] shark landed 2 hours later,,N,Desconocido,20
1446,1939,bahamas,M,38,"Nurse shark, 2.1 m [7']",,N,Desconocido,38
1447,1938,australia,M,18,"Tiger shark, 6'",,N,Tiger,18
1448,1938,iraq,M,9 or 10,Bull shark,,N,Bull,10
1449,1938,australia,M,24,Questionable incident,,N,Desconocido,24
1450,1937,australia,M,25,Tiger shark,,N,Tiger,25
1451,1937,australia,M,18,"Tiger shark,  3.6 m [11'9""], 850-kg [1874-lb] female, contained Girvan's remains ",,N,Tiger,18
1452,1937,australia,M,38,"Tiger shark, 9' to 10' ",,N,Tiger,38
1453,1937,australia,M,33,2 days later a 600-lb shark was caught 100 yards from the site,,N,Desconocido,33
1454,1937,australia,M,32,White shark,,N,White,32
1455,1936,usa,M,16,White shark (identified by Dr. Hugh Smith) ,,N,White,16
1456,1936,australia,M,16,"Tiger shark, 4.6 m [15'] ",,N,Tiger,16
1457,1936,australia,M,14,White shark,,N,White,14
1458,1936,australia,M,13,White shark,,N,White,13
1459,1935,australia,M,38,3.7 m [12'] shark,,N,Desconocido,38
1460,1935,australia,M,27,"White shark, 4 m [13'] ",,N,White,27
1461,1935,australia,M,22,"White shark, 3.5 m to 4 m [11.5' to 13'] ",,N,White,22
1462,1934,australia,F,13,"Tiger shark, 1.5 m [5'] ",,N,Tiger,13
1463,1934,australia,M,15,4.3 m [14'] shark seen in vicinity,,N,Desconocido,15
1464,1934,australia,M,17,4 m [13'] shark seen in vicinity,,N,Desconocido,17
1465,1934,australia,M,22,4.3 m [14'] shark seen in area previous week,,N,Desconocido,22
1466,1932,australia,M,24,Thought to involve a mako or grey nurse shark,,N,Grey,24
1467,1932,south africa,M,23,"Raggedtooth shark, 1.2 m to 1.5 m [4' to 5'] ",,N,Desconocido,23
1468,1931,australia,M,39,Shark involvement prior to death unconfirmed,,N,Desconocido,39
1469,1931,australia,M,18,1.5 m [5'] shark,,N,Desconocido,18
1470,1930,australia,M,18,White shark 4.9 m [16'] ,,N,White,18
1471,1930,south africa,M,23,"White shark, 4.5 m [14'9""], identity confirmed by witness & tooth pattern",,N,White,23
1472,1929,australia,M,19,"Grey nurse shark, 4' ",,N,Grey,19
1473,1929,australia,M,39,Galapagos shark,,N,Desconocido,39
1474,1929,australia,M,14,12' shark,,N,Desconocido,14
1475,1928,panama,M,17,Morenos leg  & part of his swim suit found in 9' shark caught two hours after the attack. Identified as carcharhinid shark by L. Schultz & C. Limbaugh on photograph,,N,Desconocido,17
1476,1928,australia,M,15,4' shark,,N,Desconocido,15
1477,1928,south africa,M,18,1.2 m [4'] shark,,N,Desconocido,18
1478,1927,south africa,M,17,"White shark, 4.4 m [14.5'] . ",,N,White,17
1479,1927,australia,M,17,Grey nurse shark?,,N,Grey,17
1480,1927,australia,M,15,3.7 m [12'] shark,,N,Desconocido,15
1481,1926,australia,M,17,"Grey nurse shark, 4'",,N,Grey,17
1482,1926,italy,M,20,Said to involve 6 to 7 m [20' to 23'] white shark,,N,White,20
1483,1926,usa,M,15,1.5 m [5'] white shark or sevengill shark,,N,White,15
1484,1925,australia,M,55,"Tiger shark, 4 m [13'] female",,N,Tiger,55
1485,1925,australia,M,16,Said to be a small shark,,N,Desconocido,16
1486,1924,australia,M,16,3 m [10'] shark,,N,Desconocido,16
1487,1922,australia,M,19,"2.7 m [9'] ""blue"" shark",,N,Desconocido,19
1488,1922,jamaica,M,19,6' shark,,N,Desconocido,19
1489,1922,south africa,M,18,"White shark, 12', identity confirmed by tooth fragment, witness and photograph of captured shark ",,N,White,18
1490,1922,australia,M,21,"White shark, 2.4 m [8'] ",,N,White,21
1491,1922,australia,M,18,White shark,,N,White,18
1492,1919,australia,M,13,12' shark,,N,Desconocido,13
1493,1916,usa,M,24,Thought to involve a 2.6 m [8.5'] white shark,,N,White,24
1494,1912,australia,M,21,"2.8 m [9'3""] whaler shark captured 3 days later with his remains in its gut",,N,Desconocido,21
1495,1906,south africa,M,30,1.8 m to 2.7 m [6' to 9'] shark,,N,Desconocido,30
1496,1905,australia,M,40,5' shark,,N,Desconocido,40
1497,1901,south africa,M,29,White shark,,N,White,29
1498,1894,australia,M,19,10' to 12' shark,,N,Desconocido,19
1499,1892,australia,M,21,12' shark,,N,Desconocido,21
1500,1880,australia,M,12,Bull shark,,N,Bull,12
1501,1868,india,M,35,Identified as C. gangeticus by Dr. J. Fayrer,,N,Desconocido,35
1502,1800,seychelles,,,,,Y,Desconocido,
1503,1797,,,,,,Y,Desconocido,
1504,1792,england,,,,Sep,Y,Desconocido,
1505,1791,australia,,,,,Y,Desconocido,
1506,1788,australia,,,,May,N,Desconocido,
1507,1787,,,,,Jul,Y,Desconocido,
1508,1786,barbados,,,,,Y,Desconocido,
1509,1785,england,,,,,Y,Desconocido,
1510,1784,jamaica,,,,Dec,Y,Desconocido,
1511,1783,martinique,,,,Mar,Y,Desconocido,
1512,1780,usa,,,,Aug,Y,Desconocido,
1513,1779,usa,,young,,,Y,Desconocido,
1514,1776,guinea,,,,,Y,Desconocido,
1515,1776,greenland,,,,,Y,Desconocido,
1516,1771,usa,,,,,Y,Desconocido,
1517,1767,france,,,,,,Desconocido,
1518,1764,spain,,,,,Y,Desconocido,
1519,1758,mediterranean sea,,,,,N,Desconocido,
1520,1753,jamaica,,,,,Y,Desconocido,
1521,1751,usa,,,,Jul,Y,Desconocido,
1522,1749,cuba,,14,,,N,Desconocido,14
1523,1755,sweden,,,,,,Desconocido,
1524,1748,panama,,,,,Y,Desconocido,
1525,1742,,,,,Dec,Y,Desconocido,
1526,1738,italy,,,,,Y,Desconocido,
1527,1733,iceland,,,,,,Desconocido,
1528,1723,roatan,,,,,,Desconocido,
1529,1721,italy,,,,,Y,Desconocido,
1530,1703,barbados,,19,,Mar,N,Desconocido,19
1531,1700,france,,,,,Y,Desconocido,
1532,1700,france,,,,,N,Desconocido,
1533,1700,barbados,,,,,Y,Desconocido,
1534,1642,guinea,,,,,,Desconocido,
1535,1638,,,,,,,Desconocido,
1536,1637,india,,,,,,Desconocido,
1537,1617,india,,,,,,Desconocido,
1538,1642,usa,,,,,Y,Desconocido,
1539,1595,india,,,,,,Desconocido,
1540,1580,between portugal & india,,,,,Y,Desconocido,
1541,1555,,,,,,,Desconocido,
1542,1554,france,,,,,,Desconocido,
1543,1543,venezuela,,,,,Y,Desconocido,
1544,500,mexico,,,,,N,Desconocido,
1545,77,,,,,,Y,Desconocido,
1546,5,australia,,,,,N,Desconocido,
1547,0,,,,,,Y,Desconocido,
1548,0,greece,,,,,Y,Desconocido,
1550,0,italy,,,,,Y,Desconocido,
1551,0,canada,,,,,N,Desconocido,
1552,0,kenya,,,,,N,Desconocido,
1553,0,kenya,,,,,Y,Desconocido,
1554,0,panama,,20,,,Y,Desconocido,20
1555,0,uruguay,,,,,N,Desconocido,
1556,0,uruguay,,,,,Y,Desconocido,
1557,0,usa,,,,,N,Desconocido,
1558,0,papua new guinea,,,,,Y,Desconocido,
1559,0,australia,,15,,,N,Desconocido,15
1560,0,australia,,,,,Y,Desconocido,
1562,0,bermuda,,,,,Y,Desconocido,
1564,0,usa,,,,,Y,Desconocido,
1565,0,india,,,,,N,Desconocido,
1566,0,lebanon,,,,,N,Desconocido,
1567,0,spain,,,,,N,Desconocido,
1568,0,sudan,,,,,N,Desconocido,
1569,0,,,,,,N,Desconocido,
1570,0,usa,,21,,,N,Desconocido,21
1572,0,djibouti,,,,,Y,Desconocido,
1573,0,libya,,,,,Y,Desconocido,
1574,0,australia,,,,,N,Desconocido,
1575,0,new zealand,,,,,Y,Desconocido,
1577,0,vietnam,,,,,N,Desconocido,
1578,0,sri lanka,,,,,N,Desconocido,
1579,0,venezuela,,,,,Y,Desconocido,
1582,0,mozambique,,,,,N,Desconocido,
1583,0,south africa,,,,,Y,Desconocido,
1585,0,bahrein,,,,,Y,Desconocido,
1586,0,bahamas,,,,,N,Desconocido,
1588,0,reunion,,,,,N,Desconocido,
1589,0,solomon islands,,,,,N,Desconocido,
1590,0,korea,,,,,Y,Desconocido,
1591,0,french polynesia,,,,,N,Desconocido,
1593,0,vanuatu,,,,,Y,Desconocido,
1594,0,vanuatu,,,,,N,Desconocido,
1595,0,iran,,,,,N,Desconocido,
1596,0,usa,,19,,,N,Desconocido,19
1598,0,red sea?,,,,,N,Desconocido,
1602,0,usa,,,,,,Desconocido,
1604,0,mediterranean sea,,,,,Y,Desconocido,
1607,0,singapore,,,,,N,Desconocido,
1608,0,fiji,,27,,,N,Desconocido,27
1609,0,mozambique,,36,,,N,Desconocido,36
1610,0,seychelles,,,,,Y,Desconocido,
1611,0,iraq,,25,,,N,Desconocido,25
1612,0,iraq,,6,,,N,Desconocido,
1613,0,iraq,,16,,,N,Desconocido,16
1616,0,bermuda,,,,,N,Desconocido,
1617,0,fiji,,,,,N,Desconocido,
1618,0,madagascar,,,,,Y,Desconocido,
1621,0,indonesia,,,,,Y,Desconocido,
1622,0,india,,,,,Y,Desconocido,
1623,0,nicaragua,,,,,Y,Desconocido,
1624,0,cuba,,50,,,Y,Desconocido,50
1625,0,marshall islands,,,,,N,Desconocido,
1626,0,kiribati,,,,,N,Desconocido,
1627,0,north pacific ocean,,,,,N,Desconocido,
1628,0,kiribati,,,,,Y,Desconocido,
1632,0,iran,,,,,Y,Desconocido,
1635,0,iraq,,13 or 14,,,Y,Desconocido,13
1636,0,saudi arabia,,,,,Y,Desconocido,
1637,0,saudi arabia,,,,,N,Desconocido,
1639,0,pacific ocean,,,,,Y,Desconocido,
1640,0,burma,,,,,N,Desconocido,
1641,0,papua new guinea,,,,,N,Desconocido,
1643,0,burma,,,,,Y,Desconocido,
1644,0,italy,,,,,N,Desconocido,
1645,0,greece,,,,,N,Desconocido,
1646,0,belize,,16,,,Y,Desconocido,16
1647,0,australia,,,,,,Desconocido,
1648,0,reunion,,,,,Y,Desconocido,
1649,0,south africa,,,,,N,Desconocido,
1657,0,fiji,,,,,Y,Desconocido,
1661,0,asia?,,,,,N,Desconocido,
1670,0,panama,,,,,Y,Desconocido,
1671,0,ceylon (sri lanka),,15,,,Y,Desconocido,15
